INSERT INTO dlcs (name) values ('Nordic Horizons'),('Greece'),('West Balkans'),('Feldbinder Trailer Pack'),
                               ('KRONE Trailer Pack'),('Iberia'),('Road to the Black Sea'),('Beyond the Baltic Sea'),
                               ('Italia'),('Vive la France!'),('Scandinavia'),('Going East!');

INSERT INTO countries (id, name) values (1,'Island'),(2,'Vereinigtes Königreich'),(3,'Norwegen'),(4,'Schweden'),
                                    (5,'Finnland'),(6,'Estland'),(7,'Lettland'),(8,'Litauen'),
                                    (9,'Dänemark'),(10,'Niederlande'),(11,'Belgien'),(12,'Luxemburg'),
                                    (13,'Deutschland'),(14,'Polen'),(15,'Russland'),(16,'Frankreich'),
                                    (17,'Schweiz'),(18,'Österreich'),(19,'Tschechische Republik'),(20,'Slowakei'),
                                    (21,'Portugal'),(22,'Spanien'),(23,'Italien'),(24,'Slowenien'),
                                    (25,'Ungarn'),(26,'Kroatien'),(27,'Serbien'),(28,'Rumänien'),
                                    (29,'Bosnien und Herzegowina'),(30,'Montenegro'),(31,'Kosovo'),(32,'Nordmazedonien'),
                                    (33,'Bulgarien'),(34,'Albanien'),(35,'Griechenland'),(36,'Türkei');

INSERT INTO cities (dlc_id, located_in_id, name)
VALUES (null, 2, 'Aberdeen'),
       (null, 2, 'Birmingham'),
       (null, 2, 'Cambridge'),
       (null, 2, 'Cardiff'),
       (null, 2, 'Carlisle'),
       (null, 2, 'Dover'),
       (null, 2, 'Edinburgh'),
       (null, 2, 'Felixstowe'),
       (null, 2, 'Glasgow'),
       (null, 2, 'Grimsby'),
       (null, 2, 'Liverpool'),
       (null, 2, 'London'),
       (null, 2, 'Manchester'),
       (null, 2, 'Newcastle-upon-Tyne'),
       (null, 2, 'Plymouth'),
       (null, 2, 'Sheffield'),
       (null, 2, 'Southampton'),
       (null, 2, 'Swansea'),
       (1, 3, 'Ålesund'),
       (1, 3, 'Alta'),
       (1, 3, 'Andenes'),
       (1, 3, 'Bodø'),
       (1, 3, 'Dombås'),
       (1, 3, 'Hamar'),
       (1, 3, 'Honningsvåg'),
       (1, 3, 'Kristiansund'),
       (1, 3, 'Lillehammer'),
       (1, 3, 'Mo i Rana'),
       (1, 3, 'Narvik'),
       (1, 3, 'Steinkjer'),
       (1, 3, 'Svolvær'),
       (1, 3, 'Tromsø'),
       (1, 3, 'Trondheim'),
       (11, 3, 'Bergen'),
       (11, 3, 'Kristiansand'),
       (11, 3, 'Oslo'),
       (11, 3, 'Stavanger'),
       (1, 4, 'Arvidsjaur'),
       (1, 4, 'Borlänge'),
       (1, 4, 'Falun'),
       (1, 4, 'Gävle'),
       (1, 4, 'Haparanda'),
       (1, 4, 'Karesuando'),
       (1, 4, 'Kiruna'),
       (1, 4, 'Luleå'),
       (1, 4, 'Örnsköldsvik'),
       (1, 4, 'Östersund'),
       (1, 4, 'Skellefteå'),
       (1, 4, 'Sundsvall'),
       (1, 4, 'Umeå'),
       (11, 4, 'Göteborg'),
       (11, 4, 'Helsingborg'),
       (11, 4, 'Jönköping'),
       (11, 4, 'Kalmar'),
       (11, 4, 'Kapellskär'),
       (11, 4, 'Karlskrona'),
       (11, 4, 'Karlstad'),
       (11, 4, 'Linköping'),
       (11, 4, 'Malmö'),
       (11, 4, 'Nynäshamn'),
       (11, 4, 'Örebro'),
       (11, 4, 'Södertälje'),
       (11, 4, 'Stockholm'),
       (11, 4, 'Trelleborg'),
       (11, 4, 'Uppsala'),
       (11, 4, 'Västerås'),
       (11, 4, 'Vaxjö'),
       (1, 5, 'Ivalo'),
       (1, 5, 'Joensuu'),
       (1, 5, 'Jyväskylä'),
       (1, 5, 'Kajaani'),
       (1, 5, 'Kokkola'),
       (1, 5, 'Kuopio'),
       (1, 5, 'Kuusamo'),
       (1, 5, 'Lappeenranta'),
       (1, 5, 'Mikkeli'),
       (1, 5, 'Oulu'),
       (1, 5, 'Rovaniemi'),
       (1, 5, 'Tornio'),
       (1, 5, 'Vaasa'),
       (8, 5, 'Helsinki'),
       (8, 5, 'Kotka'),
       (8, 5, 'Kouvola'),
       (8, 5, 'Lahti'),
       (8, 5, 'Loviisa'),
       (8, 5, 'Naantali'),
       (8, 5, 'Olkiluoto'),
       (8, 5, 'Pori'),
       (8, 5, 'Tampere'),
       (8, 5, 'Turku'),
       (8, 6, 'Kunda'),
       (8, 6, 'Narva'),
       (8, 6, 'Paldiski'),
       (8, 6, 'Pärnu'),
       (8, 6, 'Tallinn'),
       (8, 6, 'Tartu'),
       (8, 7, 'Daugavpils'),
       (8, 7, 'Liepāja'),
       (8, 7, 'Rēzekne'),
       (8, 7, 'Riga'),
       (8, 7, 'Valmiera'),
       (8, 7, 'Ventspils'),
       (8, 8, 'Kaunas'),
       (8, 8, 'Klaipėda'),
       (8, 8, 'Mažeikiai'),
       (8, 8, 'Ponewiesch'),
       (8, 8, 'Schaulen'),
       (8, 8, 'Utena'),
       (8, 8, 'Vilnius'),
       (11, 9, 'Aalborg'),
       (11, 9, 'Aarhus'),
       (11, 9, 'Copenhagen'),
       (11, 9, 'Esbjerg'),
       (11, 9, 'Frederikshavn'),
       (11, 9, 'Gedser'),
       (11, 9, 'Hirtshals'),
       (11, 9, 'Odense'),
       (null, 10, 'Amsterdam'),
       (null, 10, 'Groningen'),
       (null, 10, 'Rotterdam'),
       (null, 11, 'Brüssel'),
       (null, 11, 'Lüttich'),
       (null, 12, 'Luxemburg'),
       (4, 13, 'Winsen'),
       (5, 13, 'Werlte'),
       (null, 13, 'Berlin'),
       (null, 13, 'Bremen'),
       (null, 13, 'Dortmund'),
       (null, 13, 'Dresden'),
       (null, 13, 'Duisburg'),
       (null, 13, 'Düsseldorf'),
       (null, 13, 'Erfurt'),
       (null, 13, 'Frankfurt am Main'),
       (null, 13, 'Hamburg'),
       (null, 13, 'Hanover'),
       (null, 13, 'Kassel'),
       (null, 13, 'Kiel'),
       (null, 13, 'Köln'),
       (null, 13, 'Leipzig'),
       (null, 13, 'Magdeburg'),
       (null, 13, 'Mannheim'),
       (null, 13, 'München'),
       (null, 13, 'Nürnberg'),
       (null, 13, 'Osnabrück'),
       (null, 13, 'Rostock'),
       (null, 13, 'Stuttgart'),
       (null, 13, 'Travemünde'),
       (12, 14, 'Bialystok'),
       (12, 14, 'Danzig'),
       (12, 14, 'Kattowitz'),
       (12, 14, 'Krakau'),
       (12, 14, 'Łódź'),
       (12, 14, 'Lublin'),
       (12, 14, 'Olsztyn'),
       (12, 14, 'Warschau'),
       (null, 14, 'Breslau'),
       (null, 14, 'Posen'),
       (null, 14, 'Stettin'),
       (8, 15, 'Königsberg'),
       (8, 15, 'Luga'),
       (8, 15, 'Sankt Petersburg'),
       (8, 15, 'Sosnovy Bor'),
       (8, 15, 'Vyborg'),
       (10, 16, 'Ajaccio'),
       (10, 16, 'Bastia'),
       (10, 16, 'Bayonne'),
       (10, 16, 'Bonifacio'),
       (10, 16, 'Bordeaux'),
       (10, 16, 'Bourges'),
       (10, 16, 'Brest'),
       (10, 16, 'Calvi'),
       (10, 16, 'Civaux'),
       (10, 16, 'Clermont-Ferrand'),
       (10, 16, 'Golfech'),
       (10, 16, 'Lacq'),
       (10, 16, 'La Rochelle'),
       (10, 16, 'Le Havre'),
       (10, 16, 'Le Mans'),
       (10, 16, 'Limoges'),
       (10, 16, 'lʼÎle-Rousse'),
       (10, 16, 'Marseille'),
       (10, 16, 'Montpellier'),
       (10, 16, 'Nantes'),
       (10, 16, 'Nice'),
       (10, 16, 'Paluel'),
       (10, 16, 'Paris'),
       (10, 16, 'Porto-Vecchio'),
       (10, 16, 'Rennes'),
       (10, 16, 'Roscoff'),
       (10, 16, 'Saint-Alban-du-Rhône'),
       (10, 16, 'Saint-Laurent'),
       (10, 16, 'Toulouse'),
       (null, 16, 'Calais'),
       (null, 16, 'Dijon'),
       (null, 16, 'Lille'),
       (null, 16, 'Lyon'),
       (null, 16, 'Metz'),
       (null, 16, 'Reims'),
       (null, 16, 'Strasbourg'),
       (null, 17, 'Bern'),
       (null, 17, 'Genf'),
       (null, 17, 'Zürich'),
       (null, 18, 'Graz'),
       (null, 18, 'Innsbruck'),
       (null, 18, 'Klagenfurt am Wörthersee'),
       (null, 18, 'Linz'),
       (null, 18, 'Salzburg'),
       (null, 18, 'Wien'),
       (12, 19, 'Ostrau'),
       (null, 19, 'Brünn'),
       (null, 19, 'Prag'),
       (12, 20, 'Banská Bystrica'),
       (12, 20, 'Košice'),
       (12, 20, 'Pressburg'),
       (6, 21, 'Beja'),
       (6, 21, 'Coimbra'),
       (6, 21, 'Cortiçadas de Lavre'),
       (6, 21, 'Evora'),
       (6, 21, 'Faro'),
       (6, 21, 'Guarda'),
       (6, 21, 'Lisboa'),
       (6, 21, 'Olhão'),
       (6, 21, 'Ponte de Sor'),
       (6, 21, 'Portimão'),
       (6, 21, 'Porto'),
       (6, 21, 'Setúbal'),
       (6, 21, 'Sines'),
       (6, 22, 'A Coruña'),
       (6, 22, 'Albacete'),
       (6, 22, 'Algeciras'),
       (6, 22, 'Almaraz'),
       (6, 22, 'Almería'),
       (6, 22, 'Badajoz'),
       (6, 22, 'Bailén'),
       (6, 22, 'Barcelona'),
       (6, 22, 'Bilbao'),
       (6, 22, 'Burgos'),
       (6, 22, 'Ciudad Real'),
       (6, 22, 'Córdoba'),
       (6, 22, 'El Ejido'),
       (6, 22, 'Gijón'),
       (6, 22, 'Granada'),
       (6, 22, 'Huelva'),
       (6, 22, 'León'),
       (6, 22, 'Lleida'),
       (6, 22, 'Madrid'),
       (6, 22, 'Málaga'),
       (6, 22, 'Mengíbar'),
       (6, 22, 'Murcia'),
       (6, 22, 'Navia'),
       (6, 22, 'O Barco'),
       (6, 22, 'Pamplona'),
       (6, 22, 'Port de Sagunt'),
       (6, 22, 'Puertollano'),
       (6, 22, 'Salamanca'),
       (6, 22, 'Santander'),
       (6, 22, 'Sevilla'),
       (6, 22, 'Soria'),
       (6, 22, 'Tarragona'),
       (6, 22, 'Teruel'),
       (6, 22, 'València'),
       (6, 22, 'Valladolid'),
       (6, 22, 'Vandellòs'),
       (6, 22, 'Vigo'),
       (6, 22, 'Villarreal'),
       (6, 22, 'Zaragoza'),
       (9, 23, 'Ancona'),
       (9, 23, 'Bari'),
       (9, 23, 'Bologna'),
       (9, 23, 'Cagliari'),
       (9, 23, 'Cassino'),
       (9, 23, 'Catania'),
       (9, 23, 'Catanzaro'),
       (9, 23, 'Firenze'),
       (9, 23, 'Genova'),
       (9, 23, 'Livorno'),
       (9, 23, 'Messina'),
       (9, 23, 'Napoli'),
       (9, 23, 'Olbia'),
       (9, 23, 'Palermo'),
       (9, 23, 'Parma'),
       (9, 23, 'Pescara'),
       (9, 23, 'Roma'),
       (9, 23, 'Sassari'),
       (9, 23, 'Suzzara'),
       (9, 23, 'Taranto'),
       (9, 23, 'Terni'),
       (9, 23, 'Villa San Giovanni'),
       (null, 23, 'Milano'),
       (null, 23, 'Torino'),
       (null, 23, 'Trieste'),
       (null, 23, 'Venezia'),
       (null, 23, 'Verona'),
       (3, 24, 'Koper'),
       (3, 24, 'Ljubljana'),
       (3, 24, 'Maribor'),
       (3, 24, 'Novo Mesto'),
       (12, 25, 'Budapest'),
       (12, 25, 'Debrecen'),
       (12, 25, 'Pécs'),
       (12, 25, 'Szeged'),
       (3, 26, 'Osijek'),
       (3, 26, 'Rijeka'),
       (3, 26, 'Split'),
       (3, 26, 'Zadar'),
       (3, 26, 'Zagreb'),
       (3, 27, 'Belgrad'),
       (3, 27, 'Kragujevac'),
       (3, 27, 'Niš'),
       (3, 27, 'Novi Sad'),
       (7, 28, 'Bacău'),
       (7, 28, 'Brașov'),
       (7, 28, 'Bucharest'),
       (7, 28, 'Călărași'),
       (7, 28, 'Cernavodă'),
       (7, 28, 'Constanța'),
       (7, 28, 'Craiova'),
       (7, 28, 'Eisenmarkt'),
       (7, 28, 'Galați'),
       (7, 28, 'Iași'),
       (7, 28, 'Klausenburg'),
       (7, 28, 'Mangalia'),
       (7, 28, 'Pitești'),
       (7, 28, 'Reschitz'),
       (7, 28, 'Târgu Mureș'),
       (7, 28, 'Temeschburg'),
       (3, 29, 'Banja Luka'),
       (3, 29, 'Bihać'),
       (3, 29, 'Karakaj'),
       (3, 29, 'Mostar'),
       (3, 29, 'Sarajevo'),
       (3, 29, 'Tuzla'),
       (3, 29, 'Zenica'),
       (3, 30, 'Bijelo Polje'),
       (3, 30, 'Nikšić'),
       (3, 30, 'Podgorica'),
       (3, 31, 'Pristina'),
       (3, 32, 'Bitola'),
       (3, 32, 'Skopje'),
       (7, 33, 'Burgas'),
       (7, 33, 'Karlovo'),
       (7, 33, 'Kozloduy'),
       (7, 33, 'Pernik'),
       (7, 33, 'Pirdop'),
       (7, 33, 'Plewen'),
       (7, 33, 'Plovdiv'),
       (7, 33, 'Ruse'),
       (7, 33, 'Sofia'),
       (7, 33, 'Varna'),
       (7, 33, 'Veliko Tarnovo'),
       (3, 34, 'Durrës'),
       (3, 34, 'Fier'),
       (3, 34, 'Tirana'),
       (3, 34, 'Vlorë'),
       (2, 35, 'Argostoli'),
       (2, 35, 'Athen'),
       (2, 35, 'Chania'),
       (2, 35, 'Chios'),
       (2, 35, 'Ioannina'),
       (2, 35, 'Iraklion'),
       (2, 35, 'Kalamata'),
       (2, 35, 'Kavala'),
       (2, 35, 'Lamia'),
       (2, 35, 'Larissa'),
       (2, 35, 'Mytilene'),
       (2, 35, 'Patras'),
       (2, 35, 'Rhodes'),
       (2, 35, 'Thessaloniki'),
       (2, 35, 'Trikala'),
       (7, 36, 'Edirne'),
       (7, 36, 'İstanbul'),
       (7, 36, 'Tekirdağ');

INSERT INTO companies (name)
VALUES ('AA - Auto di Alonso'),
       ('ACC'),
       ('ACI SRL'),
       ('Adrica'),
       ('AeroBaltica'),
       ('Agregados'),
       ('Agrominta UAB'),
       ('Agronord'),
       ('AI Automotive'),
       ('All-Russian Glass Company'),
       ('Aluxion'),
       ('APP'),
       ('Apus Oil'),
       ('Ateria AS'),
       ('Auto di Alonso'),
       ('Balkan Loco'),
       ('Balteus Yachts'),
       ('Baltic Logistic Transport'),
       ('Baltic Metallurgy'),
       ('Baltomorsk'),
       ('Baltrak Lojistik'),
       ('Bâtisse'),
       ('BCP'),
       ('Beaver Doses'),
       ('Betunija'),
       ('BHB La Raffinerie'),
       ('BHV'),
       ('Björk'),
       ('Boisserie Jean-Pierre'),
       ('Bosfir Komerc'),
       ('Brawen Transport'),
       ('BTS Petrol'),
       ('Byggpro'),
       ('Cantera Ibérica'),
       ('Canteras del Sur'),
       ('Cantiere Navale'),
       ('Cargotras'),
       ('Casa Olivera'),
       ('Celler'),
       ('Cemeltex'),
       ('Cesare Supermercato'),
       ('Cesta'),
       ('CGLA'),
       ('Charmey'),
       ('Chimi'),
       ('Christopoulos Oikodomika'),
       ('CNP'),
       ('Comoto'),
       ('Construcciones Elcano'),
       ('Container Port'),
       ('Cortiça Prima'),
       ('Costruzione di Edifici'),
       ('Crno Drvo'),
       ('Dacha'),
       ('Dans le Jardin'),
       ('Deutsche Frachthäfen'),
       ('Dimitriou'),
       ('Dobra Ferma'),
       ('Domdepo'),
       ('Drekkar Trans'),
       ('Dulcis'),
       ('Éco'),
       ('Eliarchos'),
       ('Engeron'),
       ('Eolo Lines'),
       ('EPPA'),
       ('Eskadra'),
       ('Estonian Paper AS'),
       ('Eumefa'),
       ('EuroAcres'),
       ('EuroGoodies'),
       ('Evikši ZS'),
       ('Exomar'),
       ('Fallow Cargo'),
       ('Fattoria Felice'),
       ('FCP'),
       ('Feldbinder'),
       ('Filgas'),
       ('Finist Logistics'),
       ('Finnish Tyres'),
       ('FLE'),
       ('Freyr'),
       ('FUISpA'),
       ('Gallia Ferries'),
       ('Gasmer'),
       ('Globeur'),
       ('GNT'),
       ('GOB'),
       ('Gomme du Monde'),
       ('Gota'),
       ('Granoro'),
       ('Gryfoil'),
       ('Hotel Artemia'),
       ('Huerta del Mar Menor'),
       ('Huilant'),
       ('Iberatómica'),
       ('Icaria'),
       ('IKA Bohag'),
       ('INI'),
       ('International Baltic Petroleum'),
       ('ITCC'),
       ('ITS'),
       ('Jastuk'),
       ('Kaarfor'),
       ('Karkot'),
       ('Kathode'),
       ('Konstnorr'),
       ('KRONE'),
       ('Ladoga Auto'),
       ('Larus'),
       ('Lateds AS'),
       ('Latvijas Vagonu Rūpnīca'),
       ('Lavish Foods'),
       ('Lefko'),
       ('Libellula'),
       ('Lintukainen'),
       ('Lisette Logistics'),
       ('LKW'),
       ('Logística Atlântica'),
       ('Log n Stick'),
       ('Low Field'),
       ('Luka DunaVia'),
       ('Maatila Egres'),
       ('"Mammoth" Meat Processing Plant'),
       ('Marina'),
       ('MarmoSpA'),
       ('Medas'),
       ('Metallurgy Muromets'),
       ('Mijölnir Mining'),
       ('Mirosol'),
       ('MS Stein'),
       ('MVM Carrière'),
       ('NADA'),
       ('NBFC'),
       ('Nectarine'),
       ('Nordic Cargo Handling'),
       ('Nordic Crown'),
       ('Nordic Stenbrott'),
       ('Norrfood'),
       ('Norrsken'),
       ('Noskonitta'),
       ('Nos Pâturages'),
       ('Novoneft'),
       ('NS Chemicals'),
       ('NS Oil'),
       ('Nucléon'),
       ('Ocean Solution Group'),
       ('Õnnelik Talu'),
       ('Ortiz'),
       ('Oțel Impecabil'),
       ('PEGI'),
       ('Petrin'),
       ('PIAC'),
       ('PK Medved'),
       ('Polar Fish'),
       ('Polaris Lines'),
       ('Pomeranian Pulp and Paper Mill'),
       ('Port de Conteneur'),
       ('Posped'),
       ('PP Chimica Italia'),
       ('Propos Holding'),
       ('QuadrelliSpA'),
       ('Radus'),
       ('Renar Logistik'),
       ('Renat'),
       ('Rimaf'),
       ('Rock Eater Quarry'),
       ('Rosmark'),
       ('Rosselkhoz Baton'),
       ('RTLOG'),
       ('Rump'),
       ('Sag & Tre'),
       ('S.A.L. S.R.L.'),
       ('Sanbuilders'),
       ('Scania'),
       ('Scout'),
       ('SCS Paper'),
       ('SellPlan'),
       ('Severoatom'),
       ('Shipyard Livadiya'),
       ('Shuttle Cola'),
       ('Sininen Aurinko Logistiikka'),
       ('Sirin Air'),
       ('Slava'),
       ('SNL'),
       ('Spinelli'),
       ('Sporklift'),
       ('Stein Bruch'),
       ('Stokes'),
       ('Stomanena Roza'),
       ('Subse'),
       ('SuperCesta'),
       ('Suprema'),
       ('Sygomidi'),
       ('Syllurgy'),
       ('Syschema'),
       ('Taiga'),
       ('TDC Auto Terminal'),
       ('TE Logistica'),
       ('Terminal Container'),
       ('Tesoro Gustoso'),
       ('The Train Foundry'),
       ('Timber Turtle'),
       ('TQG'),
       ('Tradeaux'),
       ('Trade Market Istanbul'),
       ('Trameri'),
       ('Transinet'),
       ('Transportes Caballería'),
       ('Trasporti Mediterraneo'),
       ('TREE-ET'),
       ('TS Atlas'),
       ('TTK'),
       ('Ukko Voima'),
       ('Vagonstroy Tikhvin'),
       ('Vanha Kivi'),
       ('Varangian Motors'),
       ('Väinämöinen Oy'),
       ('Vesna'),
       ('Viljo Paperitehdas Oy'),
       ('Villco'),
       ('Vilniaus Popieriaus Fabrikas'),
       ('Vitas Power'),
       ('Voitureux'),
       ('Volvo'),
       ('Volvo Trucks'),
       ('VPC'),
       ('VRM Oil'),
       ('WGCC'),
       ('Wilnet Transport'),
       ('Zelyonyye Polya');

INSERT INTO cities_companies (city_id, company_id) VALUES ((SELECT id FROM cities WHERE name LIKE 'A Coruña'), (SELECT id FROM companies WHERE name LIKE 'ACC'));
INSERT INTO cities_companies (city_id, company_id) VALUES ((SELECT id FROM cities WHERE name LIKE 'A Coruña'), (SELECT id FROM companies WHERE name LIKE 'Cantera Ibérica'));
INSERT INTO cities_companies (city_id, company_id) VALUES ((SELECT id FROM cities WHERE name LIKE 'A Coruña'), (SELECT id FROM companies WHERE name LIKE 'CNP'));
INSERT INTO cities_companies (city_id, company_id) VALUES ((SELECT id FROM cities WHERE name LIKE 'A Coruña'), (SELECT id FROM companies WHERE name LIKE 'Exomar'));
INSERT INTO cities_companies (city_id, company_id) VALUES ((SELECT id FROM cities WHERE name LIKE 'A Coruña'), (SELECT id FROM companies WHERE name LIKE 'IKA Bohag'));
INSERT INTO cities_companies (city_id, company_id) VALUES ((SELECT id FROM cities WHERE name LIKE 'A Coruña'), (SELECT id FROM companies WHERE name LIKE 'Lavish Foods'));
INSERT INTO cities_companies (city_id, company_id) VALUES ((SELECT id FROM cities WHERE name LIKE 'A Coruña'), (SELECT id FROM companies WHERE name LIKE 'Logística Atlântica'));
INSERT INTO cities_companies (city_id, company_id) VALUES ((SELECT id FROM cities WHERE name LIKE 'A Coruña'), (SELECT id FROM companies WHERE name LIKE 'Marina'));
INSERT INTO cities_companies (city_id, company_id) VALUES ((SELECT id FROM cities WHERE name LIKE 'A Coruña'), (SELECT id FROM companies WHERE name LIKE 'RTLOG'));
INSERT INTO cities_companies (city_id, company_id) VALUES ((SELECT id FROM cities WHERE name LIKE 'A Coruña'), (SELECT id FROM companies WHERE name LIKE 'TREE-ET'));
INSERT INTO cities_companies (city_id, company_id) VALUES ((SELECT id FROM cities WHERE name LIKE 'Aalborg'), (SELECT id FROM companies WHERE name LIKE 'Freyr'));
INSERT INTO cities_companies (city_id, company_id) VALUES ((SELECT id FROM cities WHERE name LIKE 'Aalborg'), (SELECT id FROM companies WHERE name LIKE 'IKA Bohag'));
INSERT INTO cities_companies (city_id, company_id) VALUES ((SELECT id FROM cities WHERE name LIKE 'Aalborg'), (SELECT id FROM companies WHERE name LIKE 'Nordic Crown'));
INSERT INTO cities_companies (city_id, company_id) VALUES ((SELECT id FROM cities WHERE name LIKE 'Aalborg'), (SELECT id FROM companies WHERE name LIKE 'Norrsken'));
INSERT INTO cities_companies (city_id, company_id) VALUES ((SELECT id FROM cities WHERE name LIKE 'Aalborg'), (SELECT id FROM companies WHERE name LIKE 'NS Oil'));
INSERT INTO cities_companies (city_id, company_id) VALUES ((SELECT id FROM cities WHERE name LIKE 'Aalborg'), (SELECT id FROM companies WHERE name LIKE 'Polar Fish'));
INSERT INTO cities_companies (city_id, company_id) VALUES ((SELECT id FROM cities WHERE name LIKE 'Aalborg'), (SELECT id FROM companies WHERE name LIKE 'Vitas Power'));
INSERT INTO cities_companies (city_id, company_id) VALUES ((SELECT id FROM cities WHERE name LIKE 'Aarhus'), (SELECT id FROM companies WHERE name LIKE 'Container Port'));
INSERT INTO cities_companies (city_id, company_id) VALUES ((SELECT id FROM cities WHERE name LIKE 'Aarhus'), (SELECT id FROM companies WHERE name LIKE 'Drekkar Trans'));
INSERT INTO cities_companies (city_id, company_id) VALUES ((SELECT id FROM cities WHERE name LIKE 'Aarhus'), (SELECT id FROM companies WHERE name LIKE 'IKA Bohag'));
INSERT INTO cities_companies (city_id, company_id) VALUES ((SELECT id FROM cities WHERE name LIKE 'Aarhus'), (SELECT id FROM companies WHERE name LIKE 'Nordic Crown'));
INSERT INTO cities_companies (city_id, company_id) VALUES ((SELECT id FROM cities WHERE name LIKE 'Aarhus'), (SELECT id FROM companies WHERE name LIKE 'Sanbuilders'));
INSERT INTO cities_companies (city_id, company_id) VALUES ((SELECT id FROM cities WHERE name LIKE 'Aarhus'), (SELECT id FROM companies WHERE name LIKE 'WGCC'));
INSERT INTO cities_companies (city_id, company_id) VALUES ((SELECT id FROM cities WHERE name LIKE 'Aarhus'), (SELECT id FROM companies WHERE name LIKE 'TQG'));
INSERT INTO cities_companies (city_id, company_id) VALUES ((SELECT id FROM cities WHERE name LIKE 'Aberdeen'), (SELECT id FROM companies WHERE name LIKE 'NBFC'));
INSERT INTO cities_companies (city_id, company_id) VALUES ((SELECT id FROM cities WHERE name LIKE 'Aberdeen'), (SELECT id FROM companies WHERE name LIKE 'Stokes'));
INSERT INTO cities_companies (city_id, company_id) VALUES ((SELECT id FROM cities WHERE name LIKE 'Aberdeen'), (SELECT id FROM companies WHERE name LIKE 'TREE-ET'));
INSERT INTO cities_companies (city_id, company_id) VALUES ((SELECT id FROM cities WHERE name LIKE 'Ajaccio'), (SELECT id FROM companies WHERE name LIKE 'BHV'));
INSERT INTO cities_companies (city_id, company_id) VALUES ((SELECT id FROM cities WHERE name LIKE 'Ajaccio'), (SELECT id FROM companies WHERE name LIKE 'Huilant'));
INSERT INTO cities_companies (city_id, company_id) VALUES ((SELECT id FROM cities WHERE name LIKE 'Ajaccio'), (SELECT id FROM companies WHERE name LIKE 'Kaarfor'));
INSERT INTO cities_companies (city_id, company_id) VALUES ((SELECT id FROM cities WHERE name LIKE 'Ajaccio'), (SELECT id FROM companies WHERE name LIKE 'Lisette Logistics'));
INSERT INTO cities_companies (city_id, company_id) VALUES ((SELECT id FROM cities WHERE name LIKE 'Ajaccio'), (SELECT id FROM companies WHERE name LIKE 'Marina'));
INSERT INTO cities_companies (city_id, company_id) VALUES ((SELECT id FROM cities WHERE name LIKE 'Ajaccio'), (SELECT id FROM companies WHERE name LIKE 'MVM Carrière'));
INSERT INTO cities_companies (city_id, company_id) VALUES ((SELECT id FROM cities WHERE name LIKE 'Ajaccio'), (SELECT id FROM companies WHERE name LIKE 'Tradeaux'));
INSERT INTO cities_companies (city_id, company_id) VALUES ((SELECT id FROM cities WHERE name LIKE 'Albacete'), (SELECT id FROM companies WHERE name LIKE 'BHV'));
INSERT INTO cities_companies (city_id, company_id) VALUES ((SELECT id FROM cities WHERE name LIKE 'Albacete'), (SELECT id FROM companies WHERE name LIKE 'Huerta del Mar Menor'));
INSERT INTO cities_companies (city_id, company_id) VALUES ((SELECT id FROM cities WHERE name LIKE 'Albacete'), (SELECT id FROM companies WHERE name LIKE 'Logística Atlântica'));
INSERT INTO cities_companies (city_id, company_id) VALUES ((SELECT id FROM cities WHERE name LIKE 'Albacete'), (SELECT id FROM companies WHERE name LIKE 'SuperCesta'));
INSERT INTO cities_companies (city_id, company_id) VALUES ((SELECT id FROM cities WHERE name LIKE 'Albacete'), (SELECT id FROM companies WHERE name LIKE 'Volvo'));
INSERT INTO cities_companies (city_id, company_id) VALUES ((SELECT id FROM cities WHERE name LIKE 'Ålesund'), (SELECT id FROM companies WHERE name LIKE 'Container Port'));
INSERT INTO cities_companies (city_id, company_id) VALUES ((SELECT id FROM cities WHERE name LIKE 'Ålesund'), (SELECT id FROM companies WHERE name LIKE 'GNT'));
INSERT INTO cities_companies (city_id, company_id) VALUES ((SELECT id FROM cities WHERE name LIKE 'Ålesund'), (SELECT id FROM companies WHERE name LIKE 'Polar Fish'));
INSERT INTO cities_companies (city_id, company_id) VALUES ((SELECT id FROM cities WHERE name LIKE 'Ålesund'), (SELECT id FROM companies WHERE name LIKE 'Shuttle Cola'));
INSERT INTO cities_companies (city_id, company_id) VALUES ((SELECT id FROM cities WHERE name LIKE 'Ålesund'), (SELECT id FROM companies WHERE name LIKE 'WGCC'));
INSERT INTO cities_companies (city_id, company_id) VALUES ((SELECT id FROM cities WHERE name LIKE 'Algeciras'), (SELECT id FROM companies WHERE name LIKE 'Cesta'));
INSERT INTO cities_companies (city_id, company_id) VALUES ((SELECT id FROM cities WHERE name LIKE 'Algeciras'), (SELECT id FROM companies WHERE name LIKE 'CNP'));
INSERT INTO cities_companies (city_id, company_id) VALUES ((SELECT id FROM cities WHERE name LIKE 'Algeciras'), (SELECT id FROM companies WHERE name LIKE 'Eolo Lines'));
INSERT INTO cities_companies (city_id, company_id) VALUES ((SELECT id FROM cities WHERE name LIKE 'Algeciras'), (SELECT id FROM companies WHERE name LIKE 'Ocean Solution Group'));
INSERT INTO cities_companies (city_id, company_id) VALUES ((SELECT id FROM cities WHERE name LIKE 'Algeciras'), (SELECT id FROM companies WHERE name LIKE 'Transportes Caballería'));
INSERT INTO cities_companies (city_id, company_id) VALUES ((SELECT id FROM cities WHERE name LIKE 'Algeciras'), (SELECT id FROM companies WHERE name LIKE 'TS Atlas'));
INSERT INTO cities_companies (city_id, company_id) VALUES ((SELECT id FROM cities WHERE name LIKE 'Almaraz'), (SELECT id FROM companies WHERE name LIKE 'Iberatómica'));
INSERT INTO cities_companies (city_id, company_id) VALUES
                                                       ((SELECT id FROM cities WHERE name LIKE 'Almería'), (SELECT id FROM companies WHERE name LIKE 'Canteras del Sur')),
                                                       ((SELECT id FROM cities WHERE name LIKE 'Almería'), (SELECT id FROM companies WHERE name LIKE 'Eolo Lines')),
                                                       ((SELECT id FROM cities WHERE name LIKE 'Almería'), (SELECT id FROM companies WHERE name LIKE 'FLE')),
                                                       ((SELECT id FROM cities WHERE name LIKE 'Almería'), (SELECT id FROM companies WHERE name LIKE 'Logística Atlântica')),
                                                       ((SELECT id FROM cities WHERE name LIKE 'Almería'), (SELECT id FROM companies WHERE name LIKE 'Vitas Power'));
INSERT INTO cities_companies (city_id, company_id) VALUES
                                                       ((SELECT id FROM cities WHERE name LIKE 'Alta'), (SELECT id FROM companies WHERE name LIKE 'Byggpro')),
                                                       ((SELECT id FROM cities WHERE name LIKE 'Alta'), (SELECT id FROM companies WHERE name LIKE 'Norrsken')),
                                                       ((SELECT id FROM cities WHERE name LIKE 'Alta'), (SELECT id FROM companies WHERE name LIKE 'Polar Fish'));
INSERT INTO cities_companies (city_id, company_id) VALUES
                                                       ((SELECT id FROM cities WHERE name LIKE 'Amsterdam'), (SELECT id FROM companies WHERE name LIKE 'Kaarfor')),
                                                       ((SELECT id FROM cities WHERE name LIKE 'Amsterdam'), (SELECT id FROM companies WHERE name LIKE 'LKW')),
                                                       ((SELECT id FROM cities WHERE name LIKE 'Amsterdam'), (SELECT id FROM companies WHERE name LIKE 'Stokes')),
                                                       ((SELECT id FROM cities WHERE name LIKE 'Amsterdam'), (SELECT id FROM companies WHERE name LIKE 'Trameri'));
INSERT INTO cities_companies (city_id, company_id) VALUES
                                                       ((SELECT id FROM cities WHERE name LIKE 'Ancona'), (SELECT id FROM companies WHERE name LIKE 'Cantiere Navale')),
                                                       ((SELECT id FROM cities WHERE name LIKE 'Ancona'), (SELECT id FROM companies WHERE name LIKE 'CNP')),
                                                       ((SELECT id FROM cities WHERE name LIKE 'Ancona'), (SELECT id FROM companies WHERE name LIKE 'Exomar')),
                                                       ((SELECT id FROM cities WHERE name LIKE 'Ancona'), (SELECT id FROM companies WHERE name LIKE 'IKA Bohag')),
                                                       ((SELECT id FROM cities WHERE name LIKE 'Ancona'), (SELECT id FROM companies WHERE name LIKE 'Libellula')),
                                                       ((SELECT id FROM cities WHERE name LIKE 'Ancona'), (SELECT id FROM companies WHERE name LIKE 'Marina')),
                                                       ((SELECT id FROM cities WHERE name LIKE 'Ancona'), (SELECT id FROM companies WHERE name LIKE 'Terminal Container'));
INSERT INTO cities_companies (city_id, company_id) VALUES ((SELECT id FROM cities WHERE name LIKE 'Argostoli'), (SELECT id FROM companies WHERE name LIKE 'Hotel Artemia'));
INSERT INTO cities_companies (city_id, company_id) VALUES ((SELECT id FROM cities WHERE name LIKE 'Argostoli'), (SELECT id FROM companies WHERE name LIKE 'Icaria'));
INSERT INTO cities_companies (city_id, company_id) VALUES ((SELECT id FROM cities WHERE name LIKE 'Argostoli'), (SELECT id FROM companies WHERE name LIKE 'Low Field'));
INSERT INTO cities_companies (city_id, company_id) VALUES ((SELECT id FROM cities WHERE name LIKE 'Argostoli'), (SELECT id FROM companies WHERE name LIKE 'Medas'));
INSERT INTO cities_companies (city_id, company_id) VALUES ((SELECT id FROM cities WHERE name LIKE 'Argostoli'), (SELECT id FROM companies WHERE name LIKE 'Rock Eater Quarry'));
INSERT INTO cities_companies (city_id, company_id) VALUES
                                                       ((SELECT id FROM cities WHERE name LIKE 'Andenes'), (SELECT id FROM companies WHERE name LIKE 'Norrfood')),
                                                       ((SELECT id FROM cities WHERE name LIKE 'Andenes'), (SELECT id FROM companies WHERE name LIKE 'Renar Logistik'));
INSERT INTO cities_companies (city_id, company_id) VALUES ((SELECT id FROM cities WHERE name LIKE 'Andenes'), (SELECT id FROM companies WHERE name LIKE 'Byggpro'));
INSERT INTO cities_companies (city_id, company_id) VALUES ((SELECT id FROM cities WHERE name LIKE 'Arvidsjaur'), (SELECT id FROM companies WHERE name LIKE 'Renar Logistik'));
INSERT INTO cities_companies (city_id, company_id) VALUES ((SELECT id FROM cities WHERE name LIKE 'Arvidsjaur'), (SELECT id FROM companies WHERE name LIKE 'Sanbuilders'));
INSERT INTO cities_companies (city_id, company_id) VALUES ((SELECT id FROM cities WHERE name LIKE 'Arvidsjaur'), (SELECT id FROM companies WHERE name LIKE 'Mijölnir Mining'));
INSERT INTO cities_companies (city_id, company_id) VALUES ((SELECT id FROM cities WHERE name LIKE 'Athen'), (SELECT id FROM companies WHERE name LIKE 'CNP'));
INSERT INTO cities_companies (city_id, company_id) VALUES ((SELECT id FROM cities WHERE name LIKE 'Athen'), (SELECT id FROM companies WHERE name LIKE 'Dimitriou'));
INSERT INTO cities_companies (city_id, company_id) VALUES ((SELECT id FROM cities WHERE name LIKE 'Athen'), (SELECT id FROM companies WHERE name LIKE 'Eolo Lines'));
INSERT INTO cities_companies (city_id, company_id) VALUES ((SELECT id FROM cities WHERE name LIKE 'Athen'), (SELECT id FROM companies WHERE name LIKE 'Icaria'));
INSERT INTO cities_companies (city_id, company_id) VALUES ((SELECT id FROM cities WHERE name LIKE 'Athen'), (SELECT id FROM companies WHERE name LIKE 'Medas'));
INSERT INTO cities_companies (city_id, company_id) VALUES ((SELECT id FROM cities WHERE name LIKE 'Athen'), (SELECT id FROM companies WHERE name LIKE 'Ocean Solution Group'));
INSERT INTO cities_companies (city_id, company_id) VALUES ((SELECT id FROM cities WHERE name LIKE 'Athen'), (SELECT id FROM companies WHERE name LIKE 'Rock Eater Quarry'));
INSERT INTO cities_companies (city_id, company_id) VALUES ((SELECT id FROM cities WHERE name LIKE 'Athen'), (SELECT id FROM companies WHERE name LIKE 'Villco'));
INSERT INTO cities_companies (city_id, company_id) VALUES ((SELECT id FROM cities WHERE name LIKE 'Bacău'), (SELECT id FROM companies WHERE name LIKE 'Brawen Transport'));
INSERT INTO cities_companies (city_id, company_id) VALUES ((SELECT id FROM cities WHERE name LIKE 'Badajoz'), (SELECT id FROM companies WHERE name LIKE 'APP'));
INSERT INTO cities_companies (city_id, company_id) VALUES ((SELECT id FROM cities WHERE name LIKE 'Badajoz'), (SELECT id FROM companies WHERE name LIKE 'Casa Olivera'));
INSERT INTO cities_companies (city_id, company_id) VALUES ((SELECT id FROM cities WHERE name LIKE 'Badajoz'), (SELECT id FROM companies WHERE name LIKE 'Engeron'));
INSERT INTO cities_companies (city_id, company_id) VALUES ((SELECT id FROM cities WHERE name LIKE 'Badajoz'), (SELECT id FROM companies WHERE name LIKE 'Lavish Foods'));
INSERT INTO cities_companies (city_id, company_id) VALUES ((SELECT id FROM cities WHERE name LIKE 'Badajoz'), (SELECT id FROM companies WHERE name LIKE 'SuperCesta'));
INSERT INTO cities_companies (city_id, company_id) VALUES ((SELECT id FROM cities WHERE name LIKE 'Bailén'), (SELECT id FROM companies WHERE name LIKE 'Domdepo'));
INSERT INTO cities_companies (city_id, company_id) VALUES ((SELECT id FROM cities WHERE name LIKE 'Banja Luka'), (SELECT id FROM companies WHERE name LIKE 'AI Automotive'));
INSERT INTO cities_companies (city_id, company_id) VALUES ((SELECT id FROM cities WHERE name LIKE 'Banja Luka'), (SELECT id FROM companies WHERE name LIKE 'Jastuk'));
INSERT INTO cities_companies (city_id, company_id) VALUES ((SELECT id FROM cities WHERE name LIKE 'Banja Luka'), (SELECT id FROM companies WHERE name LIKE 'Radus'));
INSERT INTO cities_companies (city_id, company_id) VALUES ((SELECT id FROM cities WHERE name LIKE 'Banja Luka'), (SELECT id FROM companies WHERE name LIKE 'Syllurgy'));
INSERT INTO cities_companies (city_id, company_id) VALUES ((SELECT id FROM cities WHERE name LIKE 'Banja Luka'), (SELECT id FROM companies WHERE name LIKE 'Vesna'));
INSERT INTO cities_companies (city_id, company_id) VALUES ((SELECT id FROM cities WHERE name LIKE 'Banja Luka'), (SELECT id FROM companies WHERE name LIKE 'Brawen Transport'));
INSERT INTO cities_companies (city_id, company_id) VALUES ((SELECT id FROM cities WHERE name LIKE 'Banja Luka'), (SELECT id FROM companies WHERE name LIKE 'ITCC'));
INSERT INTO cities_companies (city_id, company_id) VALUES ((SELECT id FROM cities WHERE name LIKE 'Banja Luka'), (SELECT id FROM companies WHERE name LIKE 'Bosfir Komerc'));
INSERT INTO cities_companies (city_id, company_id) VALUES ((SELECT id FROM cities WHERE name LIKE 'Banská Bystrica'), (SELECT id FROM companies WHERE name LIKE 'EuroGoodies'));
INSERT INTO cities_companies (city_id, company_id) VALUES ((SELECT id FROM cities WHERE name LIKE 'Banská Bystrica'), (SELECT id FROM companies WHERE name LIKE 'Posped'));
INSERT INTO cities_companies (city_id, company_id) VALUES ((SELECT id FROM cities WHERE name LIKE 'Banská Bystrica'), (SELECT id FROM companies WHERE name LIKE 'Stokes'));
INSERT INTO cities_companies (city_id, company_id) VALUES ((SELECT id FROM cities WHERE name LIKE 'Banská Bystrica'), (SELECT id FROM companies WHERE name LIKE 'TREE-ET'));
INSERT INTO cities_companies (city_id, company_id) VALUES ((SELECT id FROM cities WHERE name LIKE 'Barcelona'), (SELECT id FROM companies WHERE name LIKE 'Cesta'));
INSERT INTO cities_companies (city_id, company_id) VALUES ((SELECT id FROM cities WHERE name LIKE 'Barcelona'), (SELECT id FROM companies WHERE name LIKE 'CGLA'));
INSERT INTO cities_companies (city_id, company_id) VALUES ((SELECT id FROM cities WHERE name LIKE 'Barcelona'), (SELECT id FROM companies WHERE name LIKE 'NS Chemicals'));
INSERT INTO cities_companies (city_id, company_id) VALUES ((SELECT id FROM cities WHERE name LIKE 'Barcelona'), (SELECT id FROM companies WHERE name LIKE 'Ortiz'));
INSERT INTO cities_companies (city_id, company_id) VALUES ((SELECT id FROM cities WHERE name LIKE 'Barcelona'), (SELECT id FROM companies WHERE name LIKE 'RTLOG'));
INSERT INTO cities_companies (city_id, company_id) VALUES ((SELECT id FROM cities WHERE name LIKE 'Barcelona'), (SELECT id FROM companies WHERE name LIKE 'Transportes Caballería'));
INSERT INTO cities_companies (city_id, company_id) VALUES ((SELECT id FROM cities WHERE name LIKE 'Barcelona'), (SELECT id FROM companies WHERE name LIKE 'Construcciones Elcano'));
INSERT INTO cities_companies (city_id, company_id) VALUES ((SELECT id FROM cities WHERE name LIKE 'Barcelona'), (SELECT id FROM companies WHERE name LIKE 'FLE'));
INSERT INTO cities_companies (city_id, company_id) VALUES ((SELECT id FROM cities WHERE name LIKE 'Barcelona'), (SELECT id FROM companies WHERE name LIKE 'TS Atlas'));
INSERT INTO cities_companies (city_id, company_id) VALUES ((SELECT id FROM cities WHERE name LIKE 'Bari'), (SELECT id FROM companies WHERE name LIKE 'Terminal Container'));
INSERT INTO cities_companies (city_id, company_id) VALUES ((SELECT id FROM cities WHERE name LIKE 'Bari'), (SELECT id FROM companies WHERE name LIKE 'Marina'));
INSERT INTO cities_companies (city_id, company_id) VALUES ((SELECT id FROM cities WHERE name LIKE 'Bari'), (SELECT id FROM companies WHERE name LIKE 'ACI SRL'));
INSERT INTO cities_companies (city_id, company_id) VALUES ((SELECT id FROM cities WHERE name LIKE 'Bari'), (SELECT id FROM companies WHERE name LIKE 'Trasporti Mediterraneo'));
INSERT INTO cities_companies (city_id, company_id) VALUES ((SELECT id FROM cities WHERE name LIKE 'Bari'), (SELECT id FROM companies WHERE name LIKE 'QuadrelliSpA'));
INSERT INTO cities_companies (city_id, company_id) VALUES ((SELECT id FROM cities WHERE name LIKE 'Bailén'), (SELECT id FROM companies WHERE name LIKE 'Domdepo'));
INSERT INTO cities_companies (city_id, company_id) VALUES ((SELECT id FROM cities WHERE name LIKE 'Banja Luka'), (SELECT id FROM companies WHERE name LIKE 'AI Automotive'));
INSERT INTO cities_companies (city_id, company_id) VALUES ((SELECT id FROM cities WHERE name LIKE 'Banja Luka'), (SELECT id FROM companies WHERE name LIKE 'Jastuk'));
INSERT INTO cities_companies (city_id, company_id) VALUES ((SELECT id FROM cities WHERE name LIKE 'Banja Luka'), (SELECT id FROM companies WHERE name LIKE 'Radus'));
INSERT INTO cities_companies (city_id, company_id) VALUES ((SELECT id FROM cities WHERE name LIKE 'Banja Luka'), (SELECT id FROM companies WHERE name LIKE 'Syllurgy'));
INSERT INTO cities_companies (city_id, company_id) VALUES ((SELECT id FROM cities WHERE name LIKE 'Banja Luka'), (SELECT id FROM companies WHERE name LIKE 'Vesna'));
INSERT INTO cities_companies (city_id, company_id) VALUES ((SELECT id FROM cities WHERE name LIKE 'Banja Luka'), (SELECT id FROM companies WHERE name LIKE 'Brawen Transport'));
INSERT INTO cities_companies (city_id, company_id) VALUES ((SELECT id FROM cities WHERE name LIKE 'Banja Luka'), (SELECT id FROM companies WHERE name LIKE 'ITCC'));
INSERT INTO cities_companies (city_id, company_id) VALUES ((SELECT id FROM cities WHERE name LIKE 'Banja Luka'), (SELECT id FROM companies WHERE name LIKE 'Bosfir Komerc'));
INSERT INTO cities_companies (city_id, company_id) VALUES ((SELECT id FROM cities WHERE name LIKE 'Banská Bystrica'), (SELECT id FROM companies WHERE name LIKE 'EuroGoodies'));
INSERT INTO cities_companies (city_id, company_id) VALUES ((SELECT id FROM cities WHERE name LIKE 'Banská Bystrica'), (SELECT id FROM companies WHERE name LIKE 'Posped'));
INSERT INTO cities_companies (city_id, company_id) VALUES ((SELECT id FROM cities WHERE name LIKE 'Banská Bystrica'), (SELECT id FROM companies WHERE name LIKE 'Stokes'));
INSERT INTO cities_companies (city_id, company_id) VALUES ((SELECT id FROM cities WHERE name LIKE 'Banská Bystrica'), (SELECT id FROM companies WHERE name LIKE 'TREE-ET'));
INSERT INTO cities_companies (city_id, company_id) VALUES ((SELECT id FROM cities WHERE name LIKE 'Barcelona'), (SELECT id FROM companies WHERE name LIKE 'Cesta'));
INSERT INTO cities_companies (city_id, company_id) VALUES ((SELECT id FROM cities WHERE name LIKE 'Barcelona'), (SELECT id FROM companies WHERE name LIKE 'CGLA'));
INSERT INTO cities_companies (city_id, company_id) VALUES ((SELECT id FROM cities WHERE name LIKE 'Barcelona'), (SELECT id FROM companies WHERE name LIKE 'NS Chemicals'));
INSERT INTO cities_companies (city_id, company_id) VALUES ((SELECT id FROM cities WHERE name LIKE 'Barcelona'), (SELECT id FROM companies WHERE name LIKE 'Ortiz'));
INSERT INTO cities_companies (city_id, company_id) VALUES ((SELECT id FROM cities WHERE name LIKE 'Barcelona'), (SELECT id FROM companies WHERE name LIKE 'RTLOG'));
INSERT INTO cities_companies (city_id, company_id) VALUES ((SELECT id FROM cities WHERE name LIKE 'Barcelona'), (SELECT id FROM companies WHERE name LIKE 'Transportes Caballería'));
INSERT INTO cities_companies (city_id, company_id) VALUES ((SELECT id FROM cities WHERE name LIKE 'Barcelona'), (SELECT id FROM companies WHERE name LIKE 'Construcciones Elcano'));
INSERT INTO cities_companies (city_id, company_id) VALUES ((SELECT id FROM cities WHERE name LIKE 'Barcelona'), (SELECT id FROM companies WHERE name LIKE 'FLE'));
INSERT INTO cities_companies (city_id, company_id) VALUES ((SELECT id FROM cities WHERE name LIKE 'Barcelona'), (SELECT id FROM companies WHERE name LIKE 'TS Atlas'));
INSERT INTO cities_companies (city_id, company_id) VALUES ((SELECT id FROM cities WHERE name LIKE 'Bari'), (SELECT id FROM companies WHERE name LIKE 'Terminal Container'));
INSERT INTO cities_companies (city_id, company_id) VALUES ((SELECT id FROM cities WHERE name LIKE 'Bari'), (SELECT id FROM companies WHERE name LIKE 'Marina'));
INSERT INTO cities_companies (city_id, company_id) VALUES ((SELECT id FROM cities WHERE name LIKE 'Bari'), (SELECT id FROM companies WHERE name LIKE 'ACI SRL'));
INSERT INTO cities_companies (city_id, company_id) VALUES ((SELECT id FROM cities WHERE name LIKE 'Bari'), (SELECT id FROM companies WHERE name LIKE 'Trasporti Mediterraneo'));
INSERT INTO cities_companies (city_id, company_id) VALUES ((SELECT id FROM cities WHERE name LIKE 'Bari'), (SELECT id FROM companies WHERE name LIKE 'QuadrelliSpA'));
INSERT INTO cities_companies (city_id, company_id) VALUES ((SELECT id FROM cities WHERE name LIKE 'Bastia'), (SELECT id FROM companies WHERE name LIKE 'BHV'));
INSERT INTO cities_companies (city_id, company_id) VALUES ((SELECT id FROM cities WHERE name LIKE 'Bastia'), (SELECT id FROM companies WHERE name LIKE 'FLE'));
INSERT INTO cities_companies (city_id, company_id) VALUES ((SELECT id FROM cities WHERE name LIKE 'Bastia'), (SELECT id FROM companies WHERE name LIKE 'GNT'));
INSERT INTO cities_companies (city_id, company_id) VALUES ((SELECT id FROM cities WHERE name LIKE 'Bastia'), (SELECT id FROM companies WHERE name LIKE 'Kaarfor'));
INSERT INTO cities_companies (city_id, company_id) VALUES ((SELECT id FROM cities WHERE name LIKE 'Bastia'), (SELECT id FROM companies WHERE name LIKE 'Dans le Jardin'));
INSERT INTO cities_companies (city_id, company_id) VALUES ((SELECT id FROM cities WHERE name LIKE 'Bastia'), (SELECT id FROM companies WHERE name LIKE 'MVM Carrière'));
INSERT INTO cities_companies (city_id, company_id) VALUES ((SELECT id FROM cities WHERE name LIKE 'Bayonne'), (SELECT id FROM companies WHERE name LIKE 'Bâtisse'));
INSERT INTO cities_companies (city_id, company_id) VALUES ((SELECT id FROM cities WHERE name LIKE 'Bayonne'), (SELECT id FROM companies WHERE name LIKE 'BHV'));
INSERT INTO cities_companies (city_id, company_id) VALUES ((SELECT id FROM cities WHERE name LIKE 'Bayonne'), (SELECT id FROM companies WHERE name LIKE 'Boisserie Jean-Pierre'));
INSERT INTO cities_companies (city_id, company_id) VALUES ((SELECT id FROM cities WHERE name LIKE 'Bayonne'), (SELECT id FROM companies WHERE name LIKE 'Dans le Jardin'));
INSERT INTO cities_companies (city_id, company_id) VALUES ((SELECT id FROM cities WHERE name LIKE 'Bayonne'), (SELECT id FROM companies WHERE name LIKE 'Éco'));
INSERT INTO cities_companies (city_id, company_id) VALUES ((SELECT id FROM cities WHERE name LIKE 'Bayonne'), (SELECT id FROM companies WHERE name LIKE 'Lisette Logistics'));
INSERT INTO cities_companies (city_id, company_id) VALUES ((SELECT id FROM cities WHERE name LIKE 'Bayonne'), (SELECT id FROM companies WHERE name LIKE 'MVM Carrière'));
INSERT INTO cities_companies (city_id, company_id) VALUES ((SELECT id FROM cities WHERE name LIKE 'Bayonne'), (SELECT id FROM companies WHERE name LIKE 'Wilnet Transport'));
INSERT INTO cities_companies (city_id, company_id) VALUES ((SELECT id FROM cities WHERE name LIKE 'Beja'), (SELECT id FROM companies WHERE name LIKE 'Huerta del Mar Menor'));
INSERT INTO cities_companies (city_id, company_id) VALUES ((SELECT id FROM cities WHERE name LIKE 'Belgrad'), (SELECT id FROM companies WHERE name LIKE 'AI Automotive'));
INSERT INTO cities_companies (city_id, company_id) VALUES ((SELECT id FROM cities WHERE name LIKE 'Belgrad'), (SELECT id FROM companies WHERE name LIKE 'Eumefa'));
INSERT INTO cities_companies (city_id, company_id) VALUES ((SELECT id FROM cities WHERE name LIKE 'Belgrad'), (SELECT id FROM companies WHERE name LIKE 'PIAC'));
INSERT INTO cities_companies (city_id, company_id) VALUES ((SELECT id FROM cities WHERE name LIKE 'Belgrad'), (SELECT id FROM companies WHERE name LIKE 'Shuttle Cola'));
INSERT INTO cities_companies (city_id, company_id) VALUES ((SELECT id FROM cities WHERE name LIKE 'Belgrad'), (SELECT id FROM companies WHERE name LIKE 'SCS Paper'));
INSERT INTO cities_companies (city_id, company_id) VALUES ((SELECT id FROM cities WHERE name LIKE 'Belgrad'), (SELECT id FROM companies WHERE name LIKE 'Syschema'));
INSERT INTO cities_companies (city_id, company_id) VALUES ((SELECT id FROM cities WHERE name LIKE 'Belgrad'), (SELECT id FROM companies WHERE name LIKE 'Vesna'));
INSERT INTO cities_companies (city_id, company_id) VALUES ((SELECT id FROM cities WHERE name LIKE 'Belgrad'), (SELECT id FROM companies WHERE name LIKE 'IKA Bohag'));
INSERT INTO cities_companies (city_id, company_id) VALUES ((SELECT id FROM cities WHERE name LIKE 'Belgrad'), (SELECT id FROM companies WHERE name LIKE 'Vitas Power'));
INSERT INTO cities_companies (city_id, company_id) VALUES ((SELECT id FROM cities WHERE name LIKE 'Belgrad'), (SELECT id FROM companies WHERE name LIKE 'Sanbuilders'));
INSERT INTO cities_companies (city_id, company_id) VALUES ((SELECT id FROM cities WHERE name LIKE 'Belgrad'), (SELECT id FROM companies WHERE name LIKE 'Luka DunaVia'));
INSERT INTO cities_companies (city_id, company_id) VALUES ((SELECT id FROM cities WHERE name LIKE 'Belgrad'), (SELECT id FROM companies WHERE name LIKE 'Rock Eater Quarry'));
INSERT INTO cities_companies (city_id, company_id) VALUES ((SELECT id FROM cities WHERE name LIKE 'Belgrad'), (SELECT id FROM companies WHERE name LIKE 'Villco'));
INSERT INTO cities_companies (city_id, company_id) VALUES ((SELECT id FROM cities WHERE name LIKE 'Belgrad'), (SELECT id FROM companies WHERE name LIKE 'Syllurgy'));
INSERT INTO cities_companies (city_id, company_id) VALUES ((SELECT id FROM cities WHERE name LIKE 'Bergen'), (SELECT id FROM companies WHERE name LIKE 'Drekkar Trans'));
INSERT INTO cities_companies (city_id, company_id) VALUES ((SELECT id FROM cities WHERE name LIKE 'Bergen'), (SELECT id FROM companies WHERE name LIKE 'Nordic Crown'));
INSERT INTO cities_companies (city_id, company_id) VALUES ((SELECT id FROM cities WHERE name LIKE 'Bergen'), (SELECT id FROM companies WHERE name LIKE 'Polar Fish'));
INSERT INTO cities_companies (city_id, company_id) VALUES ((SELECT id FROM cities WHERE name LIKE 'Bergen'), (SELECT id FROM companies WHERE name LIKE 'GNT'));
INSERT INTO cities_companies (city_id, company_id) VALUES ((SELECT id FROM cities WHERE name LIKE 'Bergen'), (SELECT id FROM companies WHERE name LIKE 'Polaris Lines'));


INSERT INTO truck_types (name) VALUES ('DAF XF105'),('DAF NGD'),('DAF XD'),('DAF XF Electric'),('DAF XF'),
                                      ('Iveco Stralis'),('Iveco Stralis Hi-Way'),('Iveco S-Way'),
                                      ('MAN TGX Euro 5'),('MAN TGX'),('MAN TGX Euro 6'),
                                      ('Mercedes-Benz Actros'),('Mercedes-Benz New Actros'),
                                      ('Renault E-Techo T'),('Renault Magnum'),('Renault Premium'),('Renault T'),
                                      ('Scania R 2009'),('Scania R'),('Scania S'),('Scania S BEV'),('Scania Streamline'),
                                      ('Volvo FH3'),('Volvo FH4'),('Volvo FH5'),('Volvo FH6');

INSERT INTO specializations (id, name) VALUES (1, 'Gefahrguttransport'),
                                              (2, 'Kühl-, Vieh- und Lebensmitteltransport'),
                                              (3, 'Schüttgut- und Materialientransport'),
                                              (4, 'Maschinerie- und Fahrzeugtransport'),
                                              (5, 'Sonstiges');

INSERT INTO payload_types (name, specialization_id)
VALUES ('Gefahrgut', 1),
       ('Kühlbedürftiges', 2),
       ('Vieh', 2),
       ('Lebensmittel', 2),
       ('Schüttgut', 3),
       ('Material', 3),
       ('Maschinerie', 4),
       ('Fahrzeug', 4),
       ('Sonstiges', 5);

INSERT INTO payloads (name, payload_type_id)
VALUES ('Acetylen', 1),
       ('Arsen', 1),
       ('Benzin', 1),
       ('Blei', 1),
       ('Chemikalien', 1),
       ('Chlor', 1),
       ('Diesel', 1),
       ('Dynamit', 1),
       ('Ethan', 1),
       ('Explosive Stoffe', 1),
       ('Feuerwerkskörper', 1),
       ('Fluor', 1),
       ('Heizöl', 1),
       ('Heiße Chemikalien', 1),
       ('Kalium', 1),
       ('Kaliumhydroxid', 1),
       ('Kerosin', 1),
       ('Kontaminierte Stoffe', 1),
       ('Kraftstofftank', 1),
       ('Krankenhausabfälle', 1),
       ('LPG', 1),
       ('Magnesium', 1),
       ('Medizinische Impfstoffe', 1),
       ('Munition', 1),
       ('Natrium', 1),
       ('Natriumhydroxid', 1),
       ('Natriumhypochlorit', 1),
       ('Neon', 1),
       ('Nitrozellulose', 1),
       ('Pestizide', 1),
       ('Propan', 1),
       ('Quecksilberchlorid', 1),
       ('Salzsäure', 1),
       ('Schwefelsäure', 1),
       ('Schwermetalle', 1),
       ('Stickstoff', 1),
       ('Säure', 1),
       ('Wasserfreies Ammoniak', 1),
       ('Wasserstoff', 1),
       ('Weißer Phosphor', 1),
       ('Zyanid', 1),
       ('Öl', 1),

       ('Batterien', 2),
       ('Containerbäume', 2),
       ('Frische Kräuter', 2),
       ('Medizinische Ausrüstung', 2),
       ('Schnittblumen', 2),
       ('Topfpflanzen', 2),
       ('Lebendrind', 3),
       ('Schweine', 3),
       ('Ahornsirup', 4),
       ('Alkoholfreies Bier', 4),
       ('Atl. Kabeljaufilets', 4),
       ('Basilikum', 4),
       ('Birnen', 4),
       ('Blumenkohl', 4),
       ('Bohnen', 4),
       ('Dosenbohnen', 4),
       ('Dosensardinen', 4),
       ('Dosenrindfleisch', 4),
       ('Dosenschweinefleisch', 4),
       ('Dosenthunfisch', 4),
       ('Eiskaffee in Dosen', 4),
       ('Erbsen', 4),
       ('Erdnussbutter', 4),
       ('Fischstäbchen', 4),
       ('Frischer Fisch', 4),
       ('Gefrorener Tintenfische', 4),
       ('Geräucherte Sprotten', 4),
       ('Geräucherter Aal', 4),
       ('Getränke', 4),
       ('Gnocchi', 4),
       ('Gummibärchen', 4),
       ('Honig', 4),
       ('Hühnerfleisch', 4),
       ('Hüttenkäse', 4),
       ('Joghurt', 4),
       ('Karotten', 4),
       ('Kartoffeln', 4),
       ('Kaugummi', 4),
       ('Kautschuk', 4),
       ('Kaviar', 4),
       ('Ketchup', 4),
       ('Knoblauch', 4),
       ('Kokosnussmilch', 4),
       ('Kokosnussöl', 4),
       ('Käse', 4),
       ('Lachsfilet', 4),
       ('Lammmägen', 4),
       ('Leberwurst', 4),
       ('Limonade', 4),
       ('Mandeln', 4),
       ('Mehl', 4),
       ('Milch', 4),
       ('Milchpulver', 4),
       ('Mineralwasser', 4),
       ('Mozzarella', 4),
       ('Nüsse', 4),
       ('Oliven', 4),
       ('Olivenöl', 4),
       ('Orangen', 4),
       ('Pasta', 4),
       ('Pesto', 4),
       ('Pflaumen', 4),
       ('Reis', 4),
       ('Rindfleisch', 4),
       ('Saftkonzentrat', 4),
       ('Salz und Gewürze', 4),
       ('Schinken', 4),
       ('Schokolade', 4),
       ('Schweinefleisch', 4),
       ('Sojamilch', 4),
       ('Speiseeis', 4),
       ('Stilles Mineralwasser in Flaschen', 4),
       ('Tiefgekühlter Seehecht', 4),
       ('Tierfutter', 4),
       ('Tomaten', 4),
       ('Trauben', 4),
       ('Verpackte Lebensmittel', 4),
       ('Wassermelonen', 4),
       ('Würste', 4),
       ('Ziegenkäse', 4),
       ('Zucker', 4),
       ('Zwiebeln', 4),
       ('Äpfel', 4),

       ('Baumrinde', 5),
       ('Erdaushub', 5),
       ('Erz', 5),
       ('Gerste', 5),
       ('Gesteinsmehl', 5),
       ('Granitblöcke', 5),
       ('Kies', 5),
       ('Kohle', 5),
       ('Kunststoffgranulat', 5),
       ('Metallschrott', 5),
       ('Roggen', 5),
       ('Sand', 5),
       ('Steine', 5),
       ('Sägespäne', 5),
       ('Weizen', 5),
       ('Zement', 5),
       ('Altkunststoff', 6),
       ('Altverpackungen', 6),
       ('Aluminiumbarren', 6),
       ('Aluminiumprofile', 6),
       ('Außenfliesen', 6),
       ('Bauholz', 6),
       ('Baumstämme', 6),
       ('Beton-Bodenplatten', 6),
       ('Beton-Lehrgerüst', 6),
       ('Betontreppe', 6),
       ('Betonträger', 6),
       ('Bewehrungsstahl', 6),
       ('Borsäure', 6),
       ('Bremsbeläge', 6),
       ('Bremsflüssigkeit', 6),
       ('Büropapier', 6),
       ('Chemisches Sorptionsmittel', 6),
       ('Dachfenster', 6),
       ('Dachpappe', 6),
       ('Dachziegel', 6),
       ('Düngemittel', 6),
       ('Eisenrohre', 6),
       ('Elektrische Leitungen', 6),
       ('Elektronik', 6),
       ('Fertighauswände', 6),
       ('Fertigtreppen (Beton)', 6),
       ('Flugzeugreifen', 6),
       ('Gebrauchte Autobatterien', 6),
       ('Gerüstmaterial', 6),
       ('Glasscheiben', 6),
       ('Graphitfett', 6),
       ('Große Eisenrohre', 6),
       ('Hochspannungsleitungen', 6),
       ('Holzbalken', 6),
       ('Industrieruß', 6),
       ('Ketten', 6),
       ('Klebebandrollen', 6),
       ('Kork', 6),
       ('Kunststoffrohre', 6),
       ('Kupferdachrinnen', 6),
       ('Lkw-Felgen', 6),
       ('Lkw-Reifen', 6),
       ('Marmorblöcke', 6),
       ('Marmorplatte', 6),
       ('Metallspulen', 6),
       ('Metallträger', 6),
       ('Metallzentrierung', 6),
       ('Motorkühler', 6),
       ('Motorradgabeln', 6),
       ('Motorradreifen', 6),
       ('Motoröl', 6),
       ('Nylonschnur', 6),
       ('Pflanzsubstrat', 6),
       ('Reifen', 6),
       ('Rohrleitungszubehör', 6),
       ('Sandwichpaneele', 6),
       ('Schafwolle', 6),
       ('Siliziumdioxid', 6),
       ('Spanplatten', 6),
       ('Stahlseile', 6),
       ('Steinwolle', 6),
       ('Stoßdämpfer', 6),
       ('Strohballen', 6),
       ('Vierkantrohre', 6),
       ('Ziegelsteine', 6),
       ('Verpacktes Glas', 6),

       ('Baumwollerntemaschine', 7),
       ('Abgassysteme', 7),
       ('Computerprozessoren', 7),
       ('Dieselgeneratoren', 7),
       ('Drehgestell', 7),
       ('Druckbehälter', 7),
       ('Eisenbahnachsen', 7),
       ('Fettversiegelte Lager', 7),
       ('Getriebe', 7),
       ('Hochdruckabsperrventile', 7),
       ('Kaminsysteme', 7),
       ('Klimaanlagen', 7),
       ('Kugelventile', 7),
       ('Lkw-Batterien', 7),
       ('Pumpen', 7),
       ('Rückschlagventile', 7),
       ('Transformator', 7),
       ('Wäschetrockner', 7),
       ('Windkraftwerksgondel', 7),
       ('Windkraftwerksturm', 7),
       ('Verpackungshelfer', 7),
       ('Ölfilter', 7),
       ('Asphaltfräse - AM 0880', 8),
       ('Autos', 8),
       ('Baggerlader', 8),
       ('Bohrer - D-50', 8),
       ('Gabelstapler', 8),
       ('Geländegängiger Gabelstapler', 8),
       ('Helikopter - 1808TX', 8),
       ('Kastenwagen', 8),
       ('Lokomotive CZ LOKO EffiShunter 300', 8),
       ('Lokomotive CZ LOKO MUV 75', 8),
       ('Lokomotive - Vossloh G6', 8),
       ('Luxus-Jacht', 8),
       ('Luxus-SUVs', 8),
       ('Materialumschlaggerät', 8),
       ('Mobilkran - UTM SD-833', 8),
       ('Motorroller', 8),
       ('Motorräder', 8),
       ('Pickup-Trucks', 8),
       ('Planierraupe - Z35K', 8),
       ('Radlader', 8),
       ('Raupenbagger', 8),
       ('Raupenfahrzeug', 8),
       ('Raupentraktor', 8),
       ('Straßenwalze - Dyna CC-2200', 8),
       ('SUVs', 8),
       ('Traktoren', 8),
       ('Wohnmobile', 8),
       ('Yacht', 8),
       ('Zugmaschinen - Scania', 8),
       ('Zugmaschinen - Volvo', 8),

       ('Arbeitskleidung', 9),
       ('Desinfektionsmittel', 9),
       ('Einmachgläser', 9),
       ('Erntebehälter', 9),
       ('Essig', 9),
       ('Gaspipeline-Teile', 9),
       ('Große Container', 9),
       ('IBC-Container', 9),
       ('Industrielle Kabeltrommel', 9),
       ('Junge Setzlinge', 9),
       ('Kleidung', 9),
       ('Kraftstofftanks', 9),
       ('Lavendel', 9),
       ('Leere Fässer', 9),
       ('Leere Paletten', 9),
       ('Leere Spule', 9),
       ('Leere Weinflaschen', 9),
       ('Leere Weinfässer', 9),
       ('Leitpfosten', 9),
       ('Leitplanken', 9),
       ('Luftpost', 9),
       ('Lüftungsschacht', 9),
       ('Metalldosen', 9),
       ('Möbel', 9),
       ('Olivenbäume', 9),
       ('Pferdeanhänger', 9),
       ('Postpakete', 9),
       ('Rollrasen', 9),
       ('Saatgut-Bigbags', 9),
       ('Schutzkleidung', 9),
       ('Semi-Tiefbett-Auflieger', 9),
       ('Spielzeug', 9),
       ('Styroporkisten', 9),
       ('Tafelgeschirr', 9),
       ('Vorratstank', 9),
       ('Wassertank', 9);

--§WGCC:Batterien$

--INSERT INTO companies_payloads (company_id, payload_id) VALUES ((SELECT id FROM companies WHERE name LIKE '
--'),(SELECT id FROM payloads WHERE name LIKE '
--'));

--INSERT INTO companies_payloads (company_id, payload_id) VALUES ((SELECT id FROM companies WHERE name LIKE ''),(SELECT id FROM payloads WHERE name LIKE ''));

INSERT INTO ranks (id, name, superior_id, xp_needed) VALUES (1, 'Anfänger', 2, 0),
                                                            (2, 'Amateur', 3, 15000),
                                                            (3, 'Könner', 4, 40000),
                                                            (4, 'Profi', 5, 65000),
                                                            (5, 'Experte', 6, 90000),
                                                            (6, 'Legende', null, 105000);

INSERT INTO careers (id, name, description) VALUES (1, 'Operative', 'Durchführung des Betriebsgeschäfts'),
                                                   (2, 'Supportive', 'Durchführung von unterstützenden Tätigkeiten zugunsten des Betriebsgeschäfts'),
                                                   (3, 'Management', 'Fachliche und disziplinarische Führung einzelner Teile des Betriebsgeschäfts'),
                                                   (9, 'Geschäftsführung', 'Strategische Leitung des Unternehmens');

INSERT INTO roles (id, name, superior_id, career_id) VALUES (10, 'Junior Berufskraftfahrer', 11, 1),
                                                            (11, 'Berufskraftfahrer', 12, 1),
                                                            (12, 'Senior Berufskraftfahrer', 13, 1),
                                                            (13, 'Leitender Berufskraftfahrer', 30, 1),
                                                            (20, 'Junior Buchhalter', 21, 2),
                                                            (21, 'Buchhalter', 22, 2),
                                                            (22, 'Senior Buchhalter', 23, 2),
                                                            (23, 'Leitender Buchhalter', 32, 2),
                                                            (24, 'Junior Analyst', 25, 2),
                                                            (25, 'Analyst', 26, 2),
                                                            (26, 'Senior Analyst', 27, 2),
                                                            (27, 'Leitender Analyst', 36, 2),
                                                            (30, 'Operations Manager', 31, 3),
                                                            (31, 'Senior Operations Manager', 95, 3),
                                                            (32, 'Finance Manager', 33, 3),
                                                            (33, 'Senior Finance Manager', 96, 3),
                                                            (34, 'HR Manager', 35, 3),
                                                            (35, 'Senior HR Manager', 97, 3),
                                                            (36, 'QA Manager', 37, 3),
                                                            (37, 'Senior QA Manager', 95, 3),
                                                            (38, 'Marketing Manager', 39, 3),
                                                            (39, 'Senior Marketing Manager', 98, 3),
                                                            (95, 'Chief Operating Officer', 99, 9),
                                                            (96, 'Chief Financial Officer', 99, 9),
                                                            (97, 'Chief Recruiting Officer', 99, 9),
                                                            (98, 'Chief Marketing Officer', 99, 9),
                                                            (99, 'Chief Executive Officer', null, 9);

INSERT INTO legal_forms (name, capital_stock) VALUES ('Einzelunternehmen', 0.00),
                                                     ('GbR', 0.00),
                                                     ('OHG', 0.00),
                                                     ('KG', 0.00),
                                                     ('GmbH', 25000.00),
                                                     ('UG', 1.00),
                                                     ('AG', 50000.00),
                                                     ('KGaA', 50000.00),
                                                     ('GmbH & Co. KG', 25000.00);

INSERT INTO levels (id, name, xp_needed, superior_id) VALUES (1, 'Garagenbetrieb', 0, 2),
                                                             (2, 'Unbekannter Kleinbetrieb', 10000, 3),
                                                             (3, 'Kleinbetrieb', 10000, 3),
                                                             (4, 'Etablierter Kleinbetrieb', 10000, 5),
                                                             (5, 'Bekannter Kleinbetrieb', 10000, 6),
                                                             (6, 'Erfolgreicher Kleinbetrieb', 10000, 7),
                                                             (7, 'Kleines Transportunternehmen', 10000, 8),
                                                             (8, 'Transportunternehmen', 10000, 9),
                                                             (9, 'Mittelständisches Transportunternehmen', 10000, 10),
                                                             (10, 'Performantes Transportunternehmen', 10000, 11),
                                                             (11, 'Spedition', 10000, 12),
                                                             (12, 'Fortschrittliche Spedition', 10000, 13),
                                                             (13, 'Großspedition', 10000, 14),
                                                             (14, 'Hochrentable Großspedition', 10000, 15),
                                                             (15, 'Kleiner Konzern', 10000, 16),
                                                             (16, 'Konzern', 10000, 17),
                                                             (17, 'Großkonzern', 10000, 18),
                                                             (18, 'Internationaler Konzern', 10000, 19),
                                                             (19, 'Global Player', 10000, 20),
                                                             (20, 'Marktführer', 10000, null);

INSERT INTO relation_types (name) VALUES ('Partnerschaft'),
                                         ('Rivalität'),
                                         ('Übernahme'),
                                         ('Subunternehmen');

INSERT INTO transaction_purposes (id, purpose) VALUES (1, 'Tanken'),
                                                  (2, 'Maut'),
                                                  (3, 'Umsatz'),

                                                  (10,'Gehaltszahlung'),
                                                  (11,'Sozialversicherungsbeitrag'),
                                                  (12,'Lohnsteuer (LSt)'),
                                                  (13,'Einkommenssteuer (ESt)'),
                                                  (14,'Gewerbesteuer (GSt)'),
                                                  (15,'Umsatzsteuer (USt)'),
                                                  (16,'Körperschaftssteuer (KSt)'),
                                                  (17,'Hauptuntersuchung, KFZ-Steuer und -Versicherung'),
                                                  (18,'Berufskraftfahrerqualifikation & EU-Gemeinschaftslizenz'),
                                                  (19,'Rückerstattung')


