INSERT INTO dlcs (name) values ('Nordic Horizons'),('Greece'),('West Balkans'),('Feldbinder Trailer Pack'),
                               ('KRONE Trailer Pack'),('Iberia'),('Road to the Black Sea'),('Beyond the Baltic Sea'),
                               ('Italia'),('Vive la France!'),('Scandinavia'),('Going East!');

INSERT INTO countries (name) values ('Island'),('Vereinigtes Königreich'),('Norwegen'),('Schweden'),
                                    ('Finnland'),('Estland'),('Lettland'),('Litauen'),
                                    ('Dänemark'),('Niederlande'),('Belgien'),('Luxemburg'),
                                    ('Deutschland'),('Polen'),('Russland'),('Frankreich'),
                                    ('Schweiz'),('Österreich'),('Tschechische Republik'),('Slowakei'),
                                    ('Portugal'),('Spanien'),('Italien'),('Slowenien'),
                                    ('Ungarn'),('Kroatien'),('Serbien'),('Rumänien'),
                                    ('Bosnien und Herzegowina'),('Montenegro'),('Kosovo'),('Nordmazedonien'),
                                    ('Bulgarien'),('Albanien'),('Griechenland'),('Türkei');

INSERT INTO cities (dlc_id, located_in_id, name)
VALUES (null, 2, 'Aberdeen'),
       (null, 2, 'Birmingham'),
       (null, 2, 'Cambridge'),
       (null, 2, 'Cardiff'),
       (null, 2, 'Carlisle'),
       (null, 2, 'Dover'),
       (null, 2, 'Edinburgh'),
       (null, 2, 'Felixstowe'),
       (null, 2, 'Glasgow'),
       (null, 2, 'Grimsby'),
       (null, 2, 'Liverpool'),
       (null, 2, 'London'),
       (null, 2, 'Manchester'),
       (null, 2, 'Newcastle-upon-Tyne'),
       (null, 2, 'Plymouth'),
       (null, 2, 'Sheffield'),
       (null, 2, 'Southampton'),
       (null, 2, 'Swansea'),
       (1, 3, 'Ålesund'),
       (1, 3, 'Alta'),
       (1, 3, 'Andenes'),
       (1, 3, 'Bodø'),
       (1, 3, 'Dombås'),
       (1, 3, 'Hamar'),
       (1, 3, 'Honningsvåg'),
       (1, 3, 'Kristiansund'),
       (1, 3, 'Lillehammer'),
       (1, 3, 'Mo i Rana'),
       (1, 3, 'Narvik'),
       (1, 3, 'Steinkjer'),
       (1, 3, 'Svolvær'),
       (1, 3, 'Tromsø'),
       (1, 3, 'Trondheim'),
       (11, 3, 'Bergen'),
       (11, 3, 'Kristiansand'),
       (11, 3, 'Oslo'),
       (11, 3, 'Stavanger'),
       (1, 4, 'Arvidsjaur'),
       (1, 4, 'Borlänge'),
       (1, 4, 'Falun'),
       (1, 4, 'Gävle'),
       (1, 4, 'Haparanda'),
       (1, 4, 'Karesuando'),
       (1, 4, 'Kiruna'),
       (1, 4, 'Luleå'),
       (1, 4, 'Örnsköldsvik'),
       (1, 4, 'Östersund'),
       (1, 4, 'Skellefteå'),
       (1, 4, 'Sundsvall'),
       (1, 4, 'Umeå'),
       (11, 4, 'Göteborg'),
       (11, 4, 'Helsingborg'),
       (11, 4, 'Jönköping'),
       (11, 4, 'Kalmar'),
       (11, 4, 'Kapellskär'),
       (11, 4, 'Karlskrona'),
       (11, 4, 'Karlstad'),
       (11, 4, 'Linköping'),
       (11, 4, 'Malmö'),
       (11, 4, 'Nynäshamn'),
       (11, 4, 'Örebro'),
       (11, 4, 'Södertälje'),
       (11, 4, 'Stockholm'),
       (11, 4, 'Trelleborg'),
       (11, 4, 'Uppsala'),
       (11, 4, 'Västerås'),
       (11, 4, 'Vaxjö'),
       (1, 5, 'Ivalo'),
       (1, 5, 'Joensuu'),
       (1, 5, 'Jyväskylä'),
       (1, 5, 'Kajaani'),
       (1, 5, 'Kokkola'),
       (1, 5, 'Kuopio'),
       (1, 5, 'Kuusamo'),
       (1, 5, 'Lappeenranta'),
       (1, 5, 'Mikkeli'),
       (1, 5, 'Oulu'),
       (1, 5, 'Rovaniemi'),
       (1, 5, 'Tornio'),
       (1, 5, 'Vaasa'),
       (8, 5, 'Helsinki'),
       (8, 5, 'Kotka'),
       (8, 5, 'Kouvola'),
       (8, 5, 'Lahti'),
       (8, 5, 'Loviisa'),
       (8, 5, 'Naantali'),
       (8, 5, 'Olkiluoto'),
       (8, 5, 'Pori'),
       (8, 5, 'Tampere'),
       (8, 5, 'Turku'),
       (8, 6, 'Kunda'),
       (8, 6, 'Narva'),
       (8, 6, 'Paldiski'),
       (8, 6, 'Pärnu'),
       (8, 6, 'Tallinn'),
       (8, 6, 'Tartu'),
       (8, 7, 'Daugavpils'),
       (8, 7, 'Liepāja'),
       (8, 7, 'Rēzekne'),
       (8, 7, 'Riga'),
       (8, 7, 'Valmiera'),
       (8, 7, 'Ventspils'),
       (8, 8, 'Kaunas'),
       (8, 8, 'Klaipėda'),
       (8, 8, 'Mažeikiai'),
       (8, 8, 'Ponewiesch'),
       (8, 8, 'Schaulen'),
       (8, 8, 'Utena'),
       (8, 8, 'Vilnius'),
       (11, 9, 'Aalborg'),
       (11, 9, 'Aarhus'),
       (11, 9, 'Copenhagen'),
       (11, 9, 'Esbjerg'),
       (11, 9, 'Frederikshavn'),
       (11, 9, 'Gedser'),
       (11, 9, 'Hirtshals'),
       (11, 9, 'Odense'),
       (null, 10, 'Amsterdam'),
       (null, 10, 'Groningen'),
       (null, 10, 'Rotterdam'),
       (null, 11, 'Brüssel'),
       (null, 11, 'Lüttich'),
       (null, 12, 'Luxemburg'),
       (4, 13, 'Winsen'),
       (5, 13, 'Werlte'),
       (null, 13, 'Berlin'),
       (null, 13, 'Bremen'),
       (null, 13, 'Dortmund'),
       (null, 13, 'Dresden'),
       (null, 13, 'Duisburg'),
       (null, 13, 'Düsseldorf'),
       (null, 13, 'Erfurt'),
       (null, 13, 'Frankfurt am Main'),
       (null, 13, 'Hamburg'),
       (null, 13, 'Hanover'),
       (null, 13, 'Kassel'),
       (null, 13, 'Kiel'),
       (null, 13, 'Köln'),
       (null, 13, 'Leipzig'),
       (null, 13, 'Magdeburg'),
       (null, 13, 'Mannheim'),
       (null, 13, 'München'),
       (null, 13, 'Nürnberg'),
       (null, 13, 'Osnabrück'),
       (null, 13, 'Rostock'),
       (null, 13, 'Stuttgart'),
       (null, 13, 'Travemünde'),
       (12, 14, 'Bialystok'),
       (12, 14, 'Danzig'),
       (12, 14, 'Kattowitz'),
       (12, 14, 'Krakau'),
       (12, 14, 'Łódź'),
       (12, 14, 'Lublin'),
       (12, 14, 'Olsztyn'),
       (12, 14, 'Warschau'),
       (null, 14, 'Breslau'),
       (null, 14, 'Posen'),
       (null, 14, 'Stettin'),
       (8, 15, 'Königsberg'),
       (8, 15, 'Luga'),
       (8, 15, 'Sankt Petersburg'),
       (8, 15, 'Sosnovy Bor'),
       (8, 15, 'Vyborg'),
       (10, 16, 'Ajaccio'),
       (10, 16, 'Bastia'),
       (10, 16, 'Bayonne'),
       (10, 16, 'Bonifacio'),
       (10, 16, 'Bordeaux'),
       (10, 16, 'Bourges'),
       (10, 16, 'Brest'),
       (10, 16, 'Calvi'),
       (10, 16, 'Civaux'),
       (10, 16, 'Clermont-Ferrand'),
       (10, 16, 'Golfech'),
       (10, 16, 'Lacq'),
       (10, 16, 'La Rochelle'),
       (10, 16, 'Le Havre'),
       (10, 16, 'Le Mans'),
       (10, 16, 'Limoges'),
       (10, 16, 'lʼÎle-Rousse'),
       (10, 16, 'Marseille'),
       (10, 16, 'Montpellier'),
       (10, 16, 'Nantes'),
       (10, 16, 'Nice'),
       (10, 16, 'Paluel'),
       (10, 16, 'Paris'),
       (10, 16, 'Porto-Vecchio'),
       (10, 16, 'Rennes'),
       (10, 16, 'Roscoff'),
       (10, 16, 'Saint-Alban-du-Rhône'),
       (10, 16, 'Saint-Laurent'),
       (10, 16, 'Toulouse'),
       (null, 16, 'Calais'),
       (null, 16, 'Dijon'),
       (null, 16, 'Lille'),
       (null, 16, 'Lyon'),
       (null, 16, 'Metz'),
       (null, 16, 'Reims'),
       (null, 16, 'Strasbourg'),
       (null, 17, 'Bern'),
       (null, 17, 'Genf'),
       (null, 17, 'Zürich'),
       (null, 18, 'Graz'),
       (null, 18, 'Innsbruck'),
       (null, 18, 'Klagenfurt am Wörthersee'),
       (null, 18, 'Linz'),
       (null, 18, 'Salzburg'),
       (null, 18, 'Wien'),
       (12, 19, 'Ostrau'),
       (null, 19, 'Brünn'),
       (null, 19, 'Prag'),
       (12, 20, 'Banská Bystrica'),
       (12, 20, 'Košice'),
       (12, 20, 'Pressburg'),
       (6, 21, 'Beja'),
       (6, 21, 'Coimbra'),
       (6, 21, 'Cortiçadas de Lavre'),
       (6, 21, 'Evora'),
       (6, 21, 'Faro'),
       (6, 21, 'Guarda'),
       (6, 21, 'Lisboa'),
       (6, 21, 'Olhão'),
       (6, 21, 'Ponte de Sor'),
       (6, 21, 'Portimão'),
       (6, 21, 'Porto'),
       (6, 21, 'Setúbal'),
       (6, 21, 'Sines'),
       (6, 22, 'A Coruña'),
       (6, 22, 'Albacete'),
       (6, 22, 'Algeciras'),
       (6, 22, 'Almaraz'),
       (6, 22, 'Almería'),
       (6, 22, 'Badajoz'),
       (6, 22, 'Bailén'),
       (6, 22, 'Barcelona'),
       (6, 22, 'Bilbao'),
       (6, 22, 'Burgos'),
       (6, 22, 'Ciudad Real'),
       (6, 22, 'Córdoba'),
       (6, 22, 'El Ejido'),
       (6, 22, 'Gijón'),
       (6, 22, 'Granada'),
       (6, 22, 'Huelva'),
       (6, 22, 'León'),
       (6, 22, 'Lleida'),
       (6, 22, 'Madrid'),
       (6, 22, 'Málaga'),
       (6, 22, 'Mengíbar'),
       (6, 22, 'Murcia'),
       (6, 22, 'Navia'),
       (6, 22, 'O Barco'),
       (6, 22, 'Pamplona'),
       (6, 22, 'Port de Sagunt'),
       (6, 22, 'Puertollano'),
       (6, 22, 'Salamanca'),
       (6, 22, 'Santander'),
       (6, 22, 'Sevilla'),
       (6, 22, 'Soria'),
       (6, 22, 'Tarragona'),
       (6, 22, 'Teruel'),
       (6, 22, 'València'),
       (6, 22, 'Valladolid'),
       (6, 22, 'Vandellòs'),
       (6, 22, 'Vigo'),
       (6, 22, 'Villarreal'),
       (6, 22, 'Zaragoza'),
       (9, 23, 'Ancona'),
       (9, 23, 'Bari'),
       (9, 23, 'Bologna'),
       (9, 23, 'Cagliari'),
       (9, 23, 'Cassino'),
       (9, 23, 'Catania'),
       (9, 23, 'Catanzaro'),
       (9, 23, 'Firenze'),
       (9, 23, 'Genova'),
       (9, 23, 'Livorno'),
       (9, 23, 'Messina'),
       (9, 23, 'Napoli'),
       (9, 23, 'Olbia'),
       (9, 23, 'Palermo'),
       (9, 23, 'Parma'),
       (9, 23, 'Pescara'),
       (9, 23, 'Roma'),
       (9, 23, 'Sassari'),
       (9, 23, 'Suzzara'),
       (9, 23, 'Taranto'),
       (9, 23, 'Terni'),
       (9, 23, 'Villa San Giovanni'),
       (null, 23, 'Milano'),
       (null, 23, 'Torino'),
       (null, 23, 'Trieste'),
       (null, 23, 'Venezia'),
       (null, 23, 'Verona'),
       (3, 24, 'Koper'),
       (3, 24, 'Ljubljana'),
       (3, 24, 'Maribor'),
       (3, 24, 'Novo Mesto'),
       (12, 25, 'Budapest'),
       (12, 25, 'Debrecen'),
       (12, 25, 'Pécs'),
       (12, 25, 'Szeged'),
       (3, 26, 'Osijek'),
       (3, 26, 'Rijeka'),
       (3, 26, 'Split'),
       (3, 26, 'Zadar'),
       (3, 26, 'Zagreb'),
       (3, 27, 'Belgrad'),
       (3, 27, 'Kragujevac'),
       (3, 27, 'Niš'),
       (3, 27, 'Novi Sad'),
       (7, 28, 'Bacău'),
       (7, 28, 'Brașov'),
       (7, 28, 'Bucharest'),
       (7, 28, 'Călărași'),
       (7, 28, 'Cernavodă'),
       (7, 28, 'Constanța'),
       (7, 28, 'Craiova'),
       (7, 28, 'Eisenmarkt'),
       (7, 28, 'Galați'),
       (7, 28, 'Iași'),
       (7, 28, 'Klausenburg'),
       (7, 28, 'Mangalia'),
       (7, 28, 'Pitești'),
       (7, 28, 'Reschitz'),
       (7, 28, 'Târgu Mureș'),
       (7, 28, 'Temeschburg'),
       (3, 29, 'Banja Luka'),
       (3, 29, 'Bihać'),
       (3, 29, 'Karakaj'),
       (3, 29, 'Mostar'),
       (3, 29, 'Sarajevo'),
       (3, 29, 'Tuzla'),
       (3, 29, 'Zenica'),
       (3, 30, 'Bijelo Polje'),
       (3, 30, 'Nikšić'),
       (3, 30, 'Podgorica'),
       (3, 31, 'Pristina'),
       (3, 32, 'Bitola'),
       (3, 32, 'Skopje'),
       (7, 33, 'Burgas'),
       (7, 33, 'Karlovo'),
       (7, 33, 'Kozloduy'),
       (7, 33, 'Pernik'),
       (7, 33, 'Pirdop'),
       (7, 33, 'Plewen'),
       (7, 33, 'Plovdiv'),
       (7, 33, 'Ruse'),
       (7, 33, 'Sofia'),
       (7, 33, 'Varna'),
       (7, 33, 'Veliko Tarnovo'),
       (3, 34, 'Durrës'),
       (3, 34, 'Fier'),
       (3, 34, 'Tirana'),
       (3, 34, 'Vlorë'),
       (2, 35, 'Athen'),
       (2, 35, 'Chania'),
       (2, 35, 'Chios'),
       (2, 35, 'Ioannina'),
       (2, 35, 'Iraklion'),
       (2, 35, 'Kalamata'),
       (2, 35, 'Kavala'),
       (2, 35, 'Lamia'),
       (2, 35, 'Larissa'),
       (2, 35, 'Mytilene'),
       (2, 35, 'Patras'),
       (2, 35, 'Rhodes'),
       (2, 35, 'Thessaloniki'),
       (2, 35, 'Trikala'),
       (7, 36, 'Edirne'),
       (7, 36, 'İstanbul'),
       (7, 36, 'Tekirdağ');

INSERT INTO companies (name)
VALUES ('AA'),
       ('ACC'),
       ('ACI SRL'),
       ('Adrica'),
       ('AeroBaltica'),
       ('Agregados'),
       ('Agrominta UAB'),
       ('Agronord'),
       ('AI Automotive'),
       ('All-Russian Glass Company'),
       ('Aluxion'),
       ('APP'),
       ('Apus Oil'),
       ('Ateria AS'),
       ('Auto di Alonso'),
       ('Balkan Loco'),
       ('Balteus Yachts'),
       ('Baltic Logistic Transport'),
       ('Baltic Metallurgy'),
       ('Baltomorsk'),
       ('Baltrak Lojistik'),
       ('Bâtisse'),
       ('BCP'),
       ('Beaver Doses'),
       ('Betunija'),
       ('BHB La Raffinerie'),
       ('BHV'),
       ('Björk'),
       ('Boisserie Jean-Pierre'),
       ('Bosfir Komerc'),
       ('Brawen Transport'),
       ('BTS Petrol'),
       ('Cantera Ibérica'),
       ('Canteras del Sur'),
       ('Cantiere Navale'),
       ('Cargotras'),
       ('Casa Olivera'),
       ('Celler'),
       ('Cemeltex'),
       ('Cesare Supermercato'),
       ('Cesta'),
       ('CGLA'),
       ('Charmey'),
       ('Chimi'),
       ('Christopoulos Oikodomika'),
       ('CNP'),
       ('Comoto'),
       ('Construcciones Elcano'),
       ('Container Port'),
       ('Cortiça Prima'),
       ('Costruzione di Edifici'),
       ('Crno Drvo'),
       ('Dacha'),
       ('Dans le Jardin'),
       ('Deutsche Frachthäfen'),
       ('Dimitriou'),
       ('Dobra Ferma'),
       ('Domdepo'),
       ('Drekkar Trans'),
       ('Dulcis'),
       ('Éco'),
       ('Eliarchos'),
       ('Engeron'),
       ('Eolo Lines'),
       ('EPPA'),
       ('Eskadra'),
       ('Estonian Paper AS'),
       ('Eumefa'),
       ('EuroAcres'),
       ('EuroGoodies'),
       ('Evikši ZS'),
       ('Exomar'),
       ('Fallow Cargo'),
       ('Fattoria Felice'),
       ('FCP'),
       ('Feldbinder'),
       ('Filgas'),
       ('Finist Logistics'),
       ('Finnish Tyres'),
       ('FLE'),
       ('Freyr'),
       ('FUISpA'),
       ('Gallia Ferries'),
       ('Gasmer'),
       ('Globeur'),
       ('GNT'),
       ('GOB'),
       ('Gomme du Monde'),
       ('Gota'),
       ('Granoro'),
       ('Gryfoil'),
       ('Hotel Artemia'),
       ('Huerta del Mar Menor'),
       ('Huilant'),
       ('Iberatómica'),
       ('Icaria'),
       ('IKA Bohag'),
       ('INI'),
       ('International Baltic Petroleum'),
       ('ITCC'),
       ('ITS'),
       ('Jastuk'),
       ('Kaarfor'),
       ('Karkot'),
       ('Kathode'),
       ('Konstnorr'),
       ('KRONE'),
       ('Ladoga Auto'),
       ('Larus'),
       ('Lateds AS'),
       ('Latvijas Vagonu Rūpnīca'),
       ('Lavish Foods'),
       ('Lefko'),
       ('Libellula'),
       ('Lintukainen'),
       ('Lisette Logistics'),
       ('LKW'),
       ('Logística Atlântica'),
       ('Log n Stick'),
       ('Low Field'),
       ('Luka DunaVia'),
       ('Maatila Egres'),
       ('"Mammoth" Meat Processing Plant'),
       ('Marina'),
       ('MarmoSpA'),
       ('Medas'),
       ('Metallurgy Muromets'),
       ('Mirosol'),
       ('MS Stein'),
       ('MVM Carrière'),
       ('NADA'),
       ('NBFC'),
       ('Nectarine'),
       ('Nordic Cargo Handling'),
       ('Nordic Crown'),
       ('Nordic Stenbrott'),
       ('Norrfood'),
       ('Norrsken'),
       ('Noskonitta'),
       ('Nos Pâturages'),
       ('Novoneft'),
       ('NS Chemicals'),
       ('NS Oil'),
       ('Nucléon'),
       ('Ocean Solution Group'),
       ('Õnnelik Talu'),
       ('Ortiz'),
       ('Oțel Impecabil'),
       ('PEGI'),
       ('Petrin'),
       ('PIAC'),
       ('PK Medved'),
       ('Polar Fish'),
       ('Polaris Lines'),
       ('Pomeranian Pulp and Paper Mill'),
       ('Port de Conteneur'),
       ('Posped'),
       ('PP Chimica Italia'),
       ('Propos Holding'),
       ('QuadrelliSpA'),
       ('Radus'),
       ('Renar Logistik'),
       ('Renat'),
       ('Rimaf'),
       ('Rock Eater Quarry'),
       ('Rosmark'),
       ('Rosselkhoz Baton'),
       ('RTLOG'),
       ('Rump'),
       ('Sag & Tre'),
       ('S.A.L. S.R.L.'),
       ('Sanbuilders'),
       ('Scania'),
       ('Scout'),
       ('SCS Paper'),
       ('SellPlan'),
       ('Severoatom'),
       ('Shipyard Livadiya'),
       ('Shuttle Cola'),
       ('Sininen Aurinko Logistiikka'),
       ('Sirin Air'),
       ('Slava'),
       ('SNL'),
       ('Spinelli'),
       ('Sporklift'),
       ('Stein Bruch'),
       ('Stokes'),
       ('Stomanena Roza'),
       ('Subse'),
       ('SuperCesta'),
       ('Suprema'),
       ('Sygomidi'),
       ('Syllurgy'),
       ('Syschema'),
       ('Taiga'),
       ('TDC Auto Terminal'),
       ('TE Logistica'),
       ('Terminal Container'),
       ('Tesoro Gustoso'),
       ('The Train Foundry'),
       ('Timber Turtle'),
       ('Tradeaux'),
       ('Trade Market Istanbul'),
       ('Trameri'),
       ('Transinet'),
       ('Transportes Caballería'),
       ('Trasporti Mediterraneo'),
       ('TREE-ET'),
       ('TS Atlas'),
       ('TTK'),
       ('Ukko Voima'),
       ('Vagonstroy Tikhvin'),
       ('Vanha Kivi'),
       ('Varangian Motors'),
       ('Vesna'),
       ('Viljo Paperitehdas Oy'),
       ('Villco'),
       ('Vilniaus Popieriaus Fabrikas'),
       ('Vitas Power'),
       ('Voitureux'),
       ('Volvo'),
       ('VPC'),
       ('VRM Oil'),
       ('WGCC'),
       ('Wilnet Transport'),
       ('Zelyonyye Polya');

INSERT INTO truck_types (name) VALUES ('DAF XF105'),('DAF NGD'),('DAF XD'),('DAF XF Electric'),('DAF XF'),
                                      ('Iveco Stralis'),('Iveco Stralis Hi-Way'),('Iveco S-Way'),
                                      ('MAN TGX Euro 5'),('MAN TGX'),('MAN TGX Euro 6'),
                                      ('Mercedes-Benz Actros'),('Mercedes-Benz New Actros'),
                                      ('Renault E-Techo T'),('Renault Magnum'),('Renault Premium'),('Renault T'),
                                      ('Scania R 2009'),('Scania R'),('Scania S'),('Scania S BEV'),('Scania Streamline'),
                                      ('Volvo FH3'),('Volvo FH4'),('Volvo FH5'),('Volvo FH6');

INSERT INTO specializations (id, name) VALUES (1, 'Gefahrguttransport'),
                                              (2, 'Kühl- und Lebensmitteltransport'),
                                              (3, 'Schüttgut- und Materialientransport'),
                                              (4, 'Schwerlast- und Fahrzeugtransport'),
                                              (5, 'Vieh- und Agrartransport');

INSERT INTO ranks (id, name, superior_id) VALUES (1, 'Anfänger', 2),
                                                 (2, 'Amateur', 3),
                                                 (3, 'Könner', 4),
                                                 (4, 'Profi', 5),
                                                 (5, 'Experte', null);

INSERT INTO careers (id, name, description) VALUES (1, 'Operative', 'Durchführung des Betriebsgeschäfts'),
                                                   (2, 'Supportive', 'Durchführung von unterstützenden Tätigkeiten zugunsten des Betriebsgeschäfts'),
                                                   (3, 'Management', 'Fachliche und disziplinarische Führung einzelner Teile des Betriebsgeschäfts'),
                                                   (4, 'Geschäftsführung', 'Strategische Leitung des Unternehmens');

INSERT INTO roles (id, name, superior_id, career_id) VALUES (10, 'Junior Berufskraftfahrer', 11, 1),
                                                            (11, 'Berufskraftfahrer', 12, 1),
                                                            (12, 'Senior Berufskraftfahrer', 13, 1),
                                                            (13, 'Leitender Berufskraftfahrer', 30, 1),
                                                            (14, 'Junior Disponent', 15, 1),
                                                            (15, 'Disponent', 16, 1),
                                                            (16, 'Senior Disponent', 17, 1),
                                                            (17, 'Leitender Disponent', 30, 1),

                                                            (20, 'Junior Buchhalter', 21, 2),
                                                            (21, 'Buchhalter', 22, 2),
                                                            (22, 'Senior Buchhalter', 23, 2),
                                                            (23, 'Leitender Buchhalter', 32, 2),
                                                            (24, 'Junior Analyst', 25, 2),
                                                            (25, 'Analyst', 26, 2),
                                                            (26, 'Senior Analyst', 27, 2),
                                                            (27, 'Leitender Analyst', 36, 2),

                                                            (30, 'Operations Manager', 31, 3),
                                                            (31, 'Senior Operations Manager', 40, 3),
                                                            (32, 'Finance Manager', 33, 3),
                                                            (33, 'Senior Finance Manager', 41, 3),
                                                            (34, 'HR Manager', 35, 3),
                                                            (35, 'Senior HR Manager', 42, 3),
                                                            (36, 'QA Manager', 37, 3),
                                                            (37, 'Senior QA Manager', 40, 3),
                                                            (38, 'Marketing Manager', 39, 3),
                                                            (39, 'Senior Marketing Manager', 43, 3),

                                                            (40, 'Chief Operating Officer', 44, 4),
                                                            (41, 'Chief Financial Officer', 44, 4),
                                                            (42, 'Chief Recruiting Officer', 44, 4),
                                                            (43, 'Chief Marketing Officer', 44, 4),
                                                            (44, 'Chief Executive Officer', null, 4);

INSERT INTO legal_forms (name, capital_stock) VALUES ('Einzelunternehmen', 0.00),
                                                     ('GbR', 0.00),
                                                     ('OHG', 0.00),
                                                     ('KG', 0.00),
                                                     ('GmbH', 25000.00),
                                                     ('UG', 1.00),
                                                     ('AG', 50000.00),
                                                     ('KGaA', 50000.00),
                                                     ('GmbH & Co. KG', 25000.00);

INSERT INTO levels (id, name) VALUES (1, 'Garagenbetrieb'),
                                     (2, 'Unbekannter Kleinbetrieb'),
                                     (3, 'Kleinbetrieb'),
                                     (4, 'Etablierter Kleinbetrieb'),
                                     (5, 'Bekannter Kleinbetrieb'),
                                     (6, 'Erfolgreicher Kleinbetrieb'),

                                     (7, 'Kleines Transportunternehmen'),
                                     (8, 'Transportunternehmen'),
                                     (9, 'Mittelständisches Transportunternehmen'),
                                     (10, 'Performantes Transportunternehmen'),

                                     (11, 'Spedition'),
                                     (12, 'Fortschrittliche Spedition'),
                                     (13, 'Großspedition'),
                                     (14, 'Hochrentable Großspedition'),

                                     (15, 'Kleiner Konzern'),
                                     (16, 'Konzern'),
                                     (17, 'Großkonzern'),
                                     (18, 'Internationaler Konzern'),

                                     (19, 'Global Player'),
                                     (20, 'Marktführer');

INSERT INTO relation_types (name) VALUES ('Partnerschaft'),
                                         ('Rivalität'),
                                         ('Übernahme'),
                                         ('Subunternehmen');

--INSERT INTO payload_type (id, name, specialization_id) VALUES (1, '', null)